Name,Variation,DIY,Buy,Sell,Color 1,Color 2,Size,Miles Price,Source,Source Notes,Seasonal Availability,Mannequin Piece,Version,Style,Label Themes,Villager Equippable,Filename,Internal ID,Unique Entry ID,Purchasable,Achieved,Timestamp
aerobics leggings,Red & pink,False,700,175,Pink,Red,1x1,,Kicks,,All Year,False,1.0.0,Active,sporty,False,SocksTexAerobics0,5197,Smui8G3P6D8WgqK9G,True,False,2020-08-13
aerobics leggings,Emerald & lime,False,700,175,Green,Light blue,1x1,,Kicks,,All Year,False,1.0.0,Active,sporty,False,SocksTexAerobics1,9794,eZKx89GvGsXcSDiMk,True,False,2020-08-13
aerobics leggings,Purple & orange,False,700,175,Orange,Purple,1x1,,Kicks,,All Year,False,1.0.0,Active,sporty,False,SocksTexAerobics2,9795,jWvfpeefbhQpHQFoM,True,False,2020-08-13
aerobics leggings,Light blue & salmon pink,False,700,175,Pink,Light blue,1x1,,Kicks,,All Year,False,1.0.0,Active,sporty,False,SocksTexAerobics3,9796,nYBBFZjyvYjTSN4fD,True,False,2020-08-13
aerobics leggings,Yellow & blue,False,700,175,Blue,Yellow,1x1,,Kicks,,All Year,False,1.0.0,Active,sporty,False,SocksTexAerobics4,9797,gYqiyt5aP9KjqNnXQ,True,False,2020-08-13
Aran-knit socks,Beige,False,720,180,Beige,Beige,1x1,,Able Sisters,Available from either Mable's temporary shop or Able Sisters shop,Winter,False,1.0.0,Simple,everyday; comfy,False,SocksTexAlan0,4742,stTCJiLMdhmZ2ztyw,True,False,2020-08-13
Aran-knit socks,White,False,720,180,White,White,1x1,,Able Sisters,Available from either Mable's temporary shop or Able Sisters shop,Winter,False,1.0.0,Simple,everyday; comfy,False,SocksTexAlan1,9058,XX9wX5KzyENyLGa5e,True,False,2020-08-13
Aran-knit socks,Red,False,720,180,Red,Red,1x1,,Able Sisters,Available from either Mable's temporary shop or Able Sisters shop,Winter,False,1.0.0,Simple,everyday; comfy,False,SocksTexAlan2,9059,7xkmotJQfLFN6Rohx,True,False,2020-08-13
Aran-knit socks,Green,False,720,180,Green,Green,1x1,,Able Sisters,Available from either Mable's temporary shop or Able Sisters shop,Winter,False,1.0.0,Simple,everyday; comfy,False,SocksTexAlan3,9060,NH6u8astq42zMebAa,True,False,2020-08-13
Aran-knit socks,Blue,False,720,180,Blue,Blue,1x1,,Able Sisters,Available from either Mable's temporary shop or Able Sisters shop,Winter,False,1.0.0,Simple,everyday; comfy,False,SocksTexAlan4,9061,Gardfqrryv6SLZSQB,True,False,2020-08-13
Aran-knit socks,Black,False,720,180,Black,Black,1x1,,Able Sisters,Available from either Mable's temporary shop or Able Sisters shop,Winter,False,1.0.0,Simple,everyday; comfy,False,SocksTexAlan5,9062,pLZq39rKg8rn454r4,True,False,2020-08-13
argyle crew socks,Blue,False,720,180,Blue,Light blue,1x1,,Able Sisters,Available from Able Sisters shop only,All Year,False,1.0.0,Elegant,everyday; formal; work,False,SocksTexArgyle0,5806,QyJBC6G3E7dzXidaW,True,False,2020-08-13
argyle crew socks,Red,False,720,180,Red,White,1x1,,Able Sisters,Available from Able Sisters shop only,All Year,False,1.0.0,Elegant,everyday; formal; work,False,SocksTexArgyle1,9921,9MeYsgc2wAGCmj4mC,True,False,2020-08-13
argyle crew socks,Green,False,720,180,Green,Yellow,1x1,,Able Sisters,Available from Able Sisters shop only,All Year,False,1.0.0,Elegant,everyday; formal; work,False,SocksTexArgyle2,9922,dm4YEXfYftcwG3NB8,True,False,2020-08-13
argyle crew socks,Beige,False,720,180,Beige,Brown,1x1,,Able Sisters,Available from Able Sisters shop only,All Year,False,1.0.0,Elegant,everyday; formal; work,False,SocksTexArgyle3,9923,KrrN2AHTcePZaMyMo,True,False,2020-08-13
argyle crew socks,Gray,False,720,180,Gray,Pink,1x1,,Able Sisters,Available from Able Sisters shop only,All Year,False,1.0.0,Elegant,everyday; formal; work,False,SocksTexArgyle4,9924,2LSJz8d2eCLmuyiMg,True,False,2020-08-13
argyle crew socks,White,False,720,180,White,Red,1x1,,Able Sisters,Available from Able Sisters shop only,All Year,False,1.0.0,Elegant,everyday; formal; work,False,SocksTexArgyle5,9925,dT8t2ZMFSfktJkoDd,True,False,2020-08-13
argyle crew socks,Orange,False,720,180,Orange,White,1x1,,Able Sisters,Available from Able Sisters shop only,All Year,False,1.0.0,Elegant,everyday; formal; work,False,SocksTexArgyle6,9926,CyRT5FdBTnic9cYrF,True,False,2020-08-13
argyle crew socks,Pink,False,720,180,Pink,White,1x1,,Able Sisters,Available from Able Sisters shop only,All Year,False,1.0.0,Elegant,everyday; formal; work,False,SocksTexArgyle7,9927,9Gibgt5gRyngn6EuR,True,False,2020-08-13
back-bow socks,Pink,False,600,150,Pink,Black,1x1,,Kicks,,Spring,False,1.0.0,Cute,everyday; fairy tale; party; vacation,False,SocksTexRibbon0,4718,SerX2gLYQTKxmFi7W,True,False,2020-08-13
back-bow socks,Yellow,False,600,150,Yellow,Green,1x1,,Kicks,,Spring,False,1.0.0,Cute,everyday; fairy tale; party; vacation,False,SocksTexRibbon1,9053,KE3idPQwqM2kvbNFw,True,False,2020-08-13
back-bow socks,Black,False,600,150,Black,White,1x1,,Kicks,,Spring,False,1.0.0,Cute,everyday; fairy tale; party; vacation,False,SocksTexRibbon2,9054,NbaHgge5Zf54Y6dQT,True,False,2020-08-13
back-bow socks,White,False,600,150,White,Pink,1x1,,Kicks,,Spring,False,1.0.0,Cute,everyday; fairy tale; party; vacation,False,SocksTexRibbon3,9055,NXYXEomdp3yqkafZ7,True,False,2020-08-13
back-bow socks,Blue,False,600,150,Light blue,Yellow,1x1,,Kicks,,Spring,False,1.0.0,Cute,everyday; fairy tale; party; vacation,False,SocksTexRibbon4,9056,ZuzCi6zDF9G9Swfci,True,False,2020-08-13
back-bow socks,Peacock blue,False,600,150,Green,Pink,1x1,,Kicks,,Spring,False,1.0.0,Cute,everyday; fairy tale; party; vacation,False,SocksTexRibbon5,9057,ju47pefTtHj739pAr,True,False,2020-08-13
bobby socks,White,False,480,120,White,White,1x1,,Able Sisters,Available from either Mable's temporary shop or Able Sisters shop,All Year,True,1.0.0,Elegant,formal; work,False,SocksTexFolded0,5171,aL52HPePkC84gPQup,True,False,2020-08-13
bobby socks,Gray,False,480,120,Gray,Gray,1x1,,Able Sisters,Available from either Mable's temporary shop or Able Sisters shop,All Year,False,1.0.0,Elegant,formal; work,False,SocksTexFolded1,10017,a9aLEHyXSdpHqYLm8,True,False,2020-08-13
bobby socks,Black,False,480,120,Black,Black,1x1,,Able Sisters,Available from either Mable's temporary shop or Able Sisters shop,All Year,False,1.0.0,Elegant,formal; work,False,SocksTexFolded2,10018,iby3kB32wD5rkxYod,True,False,2020-08-13
bobby socks,Brown,False,480,120,Brown,Brown,1x1,,Able Sisters,Available from either Mable's temporary shop or Able Sisters shop,All Year,False,1.0.0,Elegant,formal; work,False,SocksTexFolded3,10019,ZH9uTJSirjyNrH3Qw,True,False,2020-08-13
color-blocked socks,Purple,False,840,210,Purple,Colorful,1x1,,Kicks,,All Year,False,1.0.0,Cute,everyday,False,SocksTexMultiblock0,5180,5nRBXNdkdjyAjs5RQ,True,False,2020-08-13
color-blocked socks,Green,False,840,210,Green,Colorful,1x1,,Kicks,,All Year,False,1.0.0,Cute,everyday,False,SocksTexMultiblock1,9895,gSZ3co7FeNLM2DqmZ,True,False,2020-08-13
color-blocked socks,Brown,False,840,210,Brown,Colorful,1x1,,Kicks,,All Year,False,1.0.0,Cute,everyday,False,SocksTexMultiblock2,9896,tTwmQJF35W2CdDRNL,True,False,2020-08-13
color-blocked socks,Blue,False,840,210,Blue,Colorful,1x1,,Kicks,,All Year,False,1.0.0,Cute,everyday,False,SocksTexMultiblock3,9897,EKGnqpYcYK5KDre8R,True,False,2020-08-13
color-blocked socks,Beige,False,840,210,Beige,Colorful,1x1,,Kicks,,All Year,False,1.0.0,Cute,everyday,False,SocksTexMultiblock4,9898,tkbYFgGoKnqAJZ49K,True,False,2020-08-13
color-blocked socks,White,False,840,210,White,Colorful,1x1,,Kicks,,All Year,False,1.0.0,Cute,everyday,False,SocksTexMultiblock5,9899,bxt6nkbfnX6KEKifX,True,False,2020-08-13
color-blocked socks,Lime,False,840,210,Green,Colorful,1x1,,Kicks,,All Year,False,1.0.0,Cute,everyday,False,SocksTexMultiblock6,9900,jDEgNFRCGWgFw5hNq,True,False,2020-08-13
color-blocked socks,Pink,False,840,210,Pink,Colorful,1x1,,Kicks,,All Year,False,1.0.0,Cute,everyday,False,SocksTexMultiblock7,9901,3Y9LcSKLMJbT5YJfH,True,False,2020-08-13
compression tights,Blue,False,600,150,Black,Blue,1x1,,Kicks,,All Year,False,1.0.0,Active,outdoorsy; sporty; work,False,SocksTexCompression0,5170,Fc8uttzc2hwQM7RKw,True,False,2020-08-13
compression tights,Yellow,False,600,150,Black,Yellow,1x1,,Kicks,,All Year,False,1.0.0,Active,outdoorsy; sporty; work,False,SocksTexCompression1,9790,otHYAzdH3cf86yKEo,True,False,2020-08-13
compression tights,Pink,False,600,150,Black,Pink,1x1,,Kicks,,All Year,False,1.0.0,Active,outdoorsy; sporty; work,False,SocksTexCompression2,9791,SsdRjyHarAqc72Kmv,True,False,2020-08-13
compression tights,Mint,False,600,150,Black,Green,1x1,,Kicks,,All Year,False,1.0.0,Active,outdoorsy; sporty; work,False,SocksTexCompression3,9792,j6AcTLGBGdk9xgThP,True,False,2020-08-13
compression tights,Red,False,600,150,Black,Red,1x1,,Kicks,,All Year,False,1.0.0,Active,outdoorsy; sporty; work,False,SocksTexCompression4,9793,qrFTn5ab3j4nHqzwd,True,False,2020-08-13
country socks,Red ribbons,False,720,180,White,Red,1x1,,Able Sisters,Available from Able Sisters shop only,All Year,False,1.0.0,Elegant,formal; work,False,SocksTexCountry0,6044,wgBZqqpZomaTLZhcz,True,False,2020-08-13
country socks,Green ribbons,False,720,180,White,Green,1x1,,Able Sisters,Available from Able Sisters shop only,All Year,False,1.0.0,Elegant,formal; work,False,SocksTexCountry1,8942,RWpifRdqLmYQL5dGf,True,False,2020-08-13
country socks,Blue ribbons,False,720,180,White,Blue,1x1,,Able Sisters,Available from Able Sisters shop only,All Year,False,1.0.0,Elegant,formal; work,False,SocksTexCountry2,8943,mDTdqvPWaESchMEGe,True,False,2020-08-13
country socks,Black ribbons,False,720,180,White,Black,1x1,,Able Sisters,Available from Able Sisters shop only,All Year,False,1.0.0,Elegant,formal; work,False,SocksTexCountry3,8944,ptJF3tBrJxAYRLT5T,True,False,2020-08-13
crocheted socks,Beige,False,600,150,Beige,Beige,1x1,,Able Sisters,Available from either Mable's temporary shop or Able Sisters shop,All Year,False,1.0.0,Elegant,everyday; comfy,False,SocksTexCrocheting0,5202,phkn7YMAHEZZFyC3L,True,False,2020-08-13
crocheted socks,Gray,False,600,150,Gray,Gray,1x1,,Able Sisters,Available from either Mable's temporary shop or Able Sisters shop,All Year,False,1.0.0,Elegant,everyday; comfy,False,SocksTexCrocheting1,8939,mopfLb9yhXEj9qXS2,True,False,2020-08-13
crocheted socks,Purple,False,600,150,Pink,Pink,1x1,,Able Sisters,Available from either Mable's temporary shop or Able Sisters shop,All Year,False,1.0.0,Elegant,everyday; comfy,False,SocksTexCrocheting2,8940,PT7ZGkfTfkvtkBmJx,True,False,2020-08-13
crocheted socks,Blue,False,600,150,Light blue,Light blue,1x1,,Able Sisters,Available from either Mable's temporary shop or Able Sisters shop,All Year,False,1.0.0,Elegant,everyday; comfy,False,SocksTexCrocheting3,8941,k8aPtaZcFrRZwZvD6,True,False,2020-08-13
denim leggings,Blue,False,540,135,Blue,Blue,1x1,,Able Sisters,Available from either Mable's temporary shop or Able Sisters shop,All Year,False,1.0.0,Simple,everyday; outdoorsy; sporty,False,SocksTexDenimleggings0,4745,3FSnfcpAYm5Fjbctc,True,False,2020-08-13
denim leggings,Indigo blue,False,540,135,Blue,Blue,1x1,,Able Sisters,Available from either Mable's temporary shop or Able Sisters shop,All Year,True,1.0.0,Simple,everyday; outdoorsy; sporty,False,SocksTexDenimleggings1,9782,zX9ge6E48pkgAtvJG,True,False,2020-08-13
denim leggings,Saxon blue,False,540,135,Light blue,Light blue,1x1,,Able Sisters,Available from either Mable's temporary shop or Able Sisters shop,All Year,False,1.0.0,Simple,everyday; outdoorsy; sporty,False,SocksTexDenimleggings2,9783,z4ygu9Huw9NGZBeYZ,True,False,2020-08-13
denim leggings,Light blue,False,540,135,Light blue,Light blue,1x1,,Able Sisters,Available from either Mable's temporary shop or Able Sisters shop,All Year,False,1.0.0,Simple,everyday; outdoorsy; sporty,False,SocksTexDenimleggings3,9784,kJjSEP42iYeHw2XTP,True,False,2020-08-13
dotted knee-high socks,Black,False,720,180,Black,Black,1x1,,Able Sisters,Available from Able Sisters shop only,All Year,True,1.0.0,Cute,everyday,False,SocksTexDotknee0,12174,NvX65fPWJDEAJdBh8,True,False,2020-08-13
dotted knee-high socks,Yellow,False,720,180,Yellow,Yellow,1x1,,Able Sisters,Available from Able Sisters shop only,All Year,False,1.0.0,Cute,everyday,False,SocksTexDotknee1,12179,2yn8c76aCod8W6H9t,True,False,2020-08-13
dotted knee-high socks,Cyan,False,720,180,Green,Green,1x1,,Able Sisters,Available from Able Sisters shop only,All Year,False,1.0.0,Cute,everyday,False,SocksTexDotknee2,12180,Kvp83zH2Qcp6XeJro,True,False,2020-08-13
dotted knee-high socks,Gray,False,720,180,Gray,Gray,1x1,,Able Sisters,Available from Able Sisters shop only,All Year,True,1.0.0,Cute,everyday,False,SocksTexDotknee3,12181,wJw3R2v2MKdSepbvE,True,False,2020-08-13
embroidered-flower tights,Brown,False,1000,250,Brown,Red,1x1,,Able Sisters,Available from Able Sisters shop only,All Year,False,1.0.0,Cute,everyday; fairy tale; party,False,SocksTexEmbroidery0,5204,qAsvxHbnuC6DDNZjG,True,False,2020-08-13
embroidered-flower tights,Black,False,1000,250,Black,White,1x1,,Able Sisters,Available from Able Sisters shop only,All Year,False,1.0.0,Cute,everyday; fairy tale; party,False,SocksTexEmbroidery1,9907,SiWtz8aTYoK75JfRz,True,False,2020-08-13
embroidered-flower tights,Green,False,1000,250,Green,Yellow,1x1,,Able Sisters,Available from Able Sisters shop only,All Year,False,1.0.0,Cute,everyday; fairy tale; party,False,SocksTexEmbroidery2,9908,jPQA8CohQNBhSwsiq,True,False,2020-08-13
embroidered-flower tights,Beige,False,1000,250,Beige,Red,1x1,,Able Sisters,Available from Able Sisters shop only,All Year,False,1.0.0,Cute,everyday; fairy tale; party,False,SocksTexEmbroidery3,9909,fwcHa7FkHcm4BZdYP,True,False,2020-08-13
embroidered-flower tights,Blue,False,1000,250,Blue,Orange,1x1,,Able Sisters,Available from Able Sisters shop only,All Year,False,1.0.0,Cute,everyday; fairy tale; party,False,SocksTexEmbroidery4,9910,fmZu6dNagF4XW6rvd,True,False,2020-08-13
embroidered-flower tights,Purple,False,1000,250,Purple,Pink,1x1,,Able Sisters,Available from Able Sisters shop only,All Year,False,1.0.0,Cute,everyday; fairy tale; party,False,SocksTexEmbroidery5,9911,iivtbk5pG2i2asvBC,True,False,2020-08-13
everyday socks,Brown,False,600,150,Brown,Brown,1x1,,Able Sisters,Available from either Mable's temporary shop or Able Sisters shop,All Year,False,1.0.0,Simple,everyday; work,False,SocksTexDailysocks0,9645,7NubAsby6JGtDjkQE,True,False,2020-08-13
everyday socks,Black,False,600,150,Black,Black,1x1,,Able Sisters,Available from either Mable's temporary shop or Able Sisters shop,All Year,False,1.0.0,Simple,everyday; work,False,SocksTexDailysocks1,10034,Pe45hBHF5EJnYr9Es,True,False,2020-08-13
everyday socks,Navy blue,False,600,150,Blue,Blue,1x1,,Able Sisters,Available from either Mable's temporary shop or Able Sisters shop,All Year,True,1.0.0,Simple,everyday; work,False,SocksTexDailysocks2,10035,MyTLF7gvqar4TjoR3,True,False,2020-08-13
everyday socks,Gray,False,600,150,Gray,Gray,1x1,,Able Sisters,Available from either Mable's temporary shop or Able Sisters shop,All Year,False,1.0.0,Simple,everyday; work,False,SocksTexDailysocks3,10036,RYHfit78bZMtfDcGL,True,False,2020-08-13
everyday socks,Beige,False,600,150,Beige,Beige,1x1,,Able Sisters,Available from either Mable's temporary shop or Able Sisters shop,All Year,False,1.0.0,Simple,everyday; work,False,SocksTexDailysocks4,10037,AjdoBNEpkupPceJ4z,True,False,2020-08-13
everyday socks,White,False,600,150,White,White,1x1,,Able Sisters,Available from either Mable's temporary shop or Able Sisters shop,All Year,True,1.0.0,Simple,everyday; work,False,SocksTexDailysocks5,10038,4s4vWXEwkLbb3efNb,True,False,2020-08-13
everyday tights,Black,False,720,180,Black,Black,1x1,,Able Sisters,Available from either Mable's temporary shop or Able Sisters shop,All Year,True,1.0.0,Simple,everyday; work,False,SocksTexDailytights0,9581,rh6Bpp5D5QL7QXt7F,True,False,2020-08-13
everyday tights,Light gray,False,720,180,Gray,Gray,1x1,,Able Sisters,Available from either Mable's temporary shop or Able Sisters shop,All Year,True,1.0.0,Simple,everyday; work,False,SocksTexDailytights1,9682,GG4hZNfY85kX42aEe,True,False,2020-08-13
everyday tights,Gray,False,720,180,Gray,Gray,1x1,,Able Sisters,Available from either Mable's temporary shop or Able Sisters shop,All Year,True,1.0.0,Simple,everyday; work,False,SocksTexDailytights2,9683,HWnMuGqHxjQLh7yDJ,True,False,2020-08-13
everyday tights,White,False,720,180,White,White,1x1,,Able Sisters,Available from either Mable's temporary shop or Able Sisters shop,All Year,True,1.0.0,Simple,everyday; work,False,SocksTexDailytights3,9684,iENLav487Pt8WgfWk,True,False,2020-08-13
everyday tights,Navy blue,False,720,180,Blue,Blue,1x1,,Able Sisters,Available from either Mable's temporary shop or Able Sisters shop,All Year,True,1.0.0,Simple,everyday; work,False,SocksTexDailytights4,9685,Byc5JuPksWfY4wprE,True,False,2020-08-13
everyday tights,Beige,False,720,180,Beige,Beige,1x1,,Able Sisters,Available from either Mable's temporary shop or Able Sisters shop,All Year,True,1.0.0,Simple,everyday; work,False,SocksTexDailytights5,9686,w9RMWiq6CjrmwWJtN,True,False,2020-08-13
fishnet tights,Black,False,480,120,Black,Black,1x1,,Able Sisters,Available from Able Sisters shop only,All Year,True,1.0.0,Elegant,party; theatrical,False,SocksTexAmitights0,3096,3tL4DiJ9rWHthc9Pk,True,False,2020-08-13
fishnet tights,White,False,480,120,White,White,1x1,,Able Sisters,Available from Able Sisters shop only,All Year,False,1.0.0,Elegant,party; theatrical,False,SocksTexAmitights1,9659,gsjb2cGwKR3nQswoP,True,False,2020-08-13
fishnet tights,Red,False,480,120,Red,Red,1x1,,Able Sisters,Available from Able Sisters shop only,All Year,False,1.0.0,Elegant,party; theatrical,False,SocksTexAmitights2,9660,48n6aHZGEPnDEK9jx,True,False,2020-08-13
flowery-dot tights,White,False,720,180,White,White,1x1,,Able Sisters,Available from Able Sisters shop only,All Year,True,1.0.0,Elegant,fairy tale; formal; party; theatrical,False,SocksTexFlowerdot0,5804,PMGBtgwgdqyfgFLGT,True,False,2020-08-13
flowery-dot tights,Pink,False,720,180,Pink,White,1x1,,Able Sisters,Available from Able Sisters shop only,All Year,False,1.0.0,Elegant,fairy tale; formal; party; theatrical,False,SocksTexFlowerdot1,9917,iPqdJXpkmoQHFa3bk,True,False,2020-08-13
flowery-dot tights,Blue,False,720,180,Light blue,White,1x1,,Able Sisters,Available from Able Sisters shop only,All Year,False,1.0.0,Elegant,fairy tale; formal; party; theatrical,False,SocksTexFlowerdot2,9918,LQLHZmbq5ooLpTaSc,True,False,2020-08-13
flowery-dot tights,Yellow,False,720,180,Yellow,White,1x1,,Able Sisters,Available from Able Sisters shop only,All Year,False,1.0.0,Elegant,fairy tale; formal; party; theatrical,False,SocksTexFlowerdot3,9919,MKk8HkGiw8Dm5isEd,True,False,2020-08-13
flowery-dot tights,Black,False,720,180,Black,Black,1x1,,Able Sisters,Available from Able Sisters shop only,All Year,True,1.0.0,Elegant,fairy tale; formal; party; theatrical,False,SocksTexFlowerdot4,9920,Can7JCiG9L8Hm9TDc,True,False,2020-08-13
frilly knee-high socks,Black,False,840,210,Black,White,1x1,,Kicks,,Spring,False,1.0.0,Cute,everyday; fairy tale; party; theatrical,False,SocksTexFrilledknee0,5172,vmXP6mnS88memLCX4,True,False,2020-08-13
frilly knee-high socks,Green,False,840,210,Green,White,1x1,,Kicks,,Spring,False,1.0.0,Cute,everyday; fairy tale; party; theatrical,False,SocksTexFrilledknee1,11589,3Q2vgyB7ck687Eyqg,True,False,2020-08-13
frilly knee-high socks,Red,False,840,210,Red,White,1x1,,Kicks,,Spring,False,1.0.0,Cute,everyday; fairy tale; party; theatrical,False,SocksTexFrilledknee2,11590,xds2s4575YP27vR8A,True,False,2020-08-13
frilly knee-high socks,Brown,False,840,210,Orange,White,1x1,,Kicks,,Spring,False,1.0.0,Cute,everyday; fairy tale; party; theatrical,False,SocksTexFrilledknee3,11591,JNi4geueh5oD227xR,True,False,2020-08-13
frilly knee-high socks,Mint,False,840,210,Light blue,White,1x1,,Kicks,,Spring,False,1.0.0,Cute,everyday; fairy tale; party; theatrical,False,SocksTexFrilledknee4,11592,CWTTXCXbYiGajL8GN,True,False,2020-08-13
frilly knee-high socks,Pink,False,840,210,Pink,White,1x1,,Kicks,,Spring,False,1.0.0,Cute,everyday; fairy tale; party; theatrical,False,SocksTexFrilledknee5,11593,v9tYcuwPdAT7v3wQS,True,False,2020-08-13
frilly knee-high socks,Purple,False,840,210,Purple,White,1x1,,Kicks,,Spring,False,1.0.0,Cute,everyday; fairy tale; party; theatrical,False,SocksTexFrilledknee6,11594,WXa2dtqHH4yTqi72y,True,False,2020-08-13
frilly knee-high socks,Yellow,False,840,210,Yellow,White,1x1,,Kicks,,Spring,False,1.0.0,Cute,everyday; fairy tale; party; theatrical,False,SocksTexFrilledknee7,11595,WdGcfiFNT7NYtgr2x,True,False,2020-08-13
frilly socks,White,False,720,180,White,White,1x1,,Able Sisters,Available from Able Sisters shop only,All Year,False,1.0.0,Cute,everyday; fairy tale; formal; party,False,SocksTexFrilled0,5174,JjfAnWLyzasyYMg3v,True,False,2020-08-13
frilly socks,Yellow,False,720,180,Yellow,White,1x1,,Able Sisters,Available from Able Sisters shop only,All Year,False,1.0.0,Cute,everyday; fairy tale; formal; party,False,SocksTexFrilled1,8934,riCwe2zM7QyECk3Jr,True,False,2020-08-13
frilly socks,Pink,False,720,180,Pink,White,1x1,,Able Sisters,Available from Able Sisters shop only,All Year,False,1.0.0,Cute,everyday; fairy tale; formal; party,False,SocksTexFrilled2,8935,eReXG6NHXaQ7K3hBX,True,False,2020-08-13
frilly socks,Green,False,720,180,Green,White,1x1,,Able Sisters,Available from Able Sisters shop only,All Year,False,1.0.0,Cute,everyday; fairy tale; formal; party,False,SocksTexFrilled3,8936,k4BtF693DbxH33AL6,True,False,2020-08-13
frilly socks,Purple,False,720,180,Purple,White,1x1,,Able Sisters,Available from Able Sisters shop only,All Year,False,1.0.0,Cute,everyday; fairy tale; formal; party,False,SocksTexFrilled4,8937,RTFEAwp3SBjAFWdd8,True,False,2020-08-13
frilly socks,Blue,False,720,180,Light blue,White,1x1,,Able Sisters,Available from Able Sisters shop only,All Year,False,1.0.0,Cute,everyday; fairy tale; formal; party,False,SocksTexFrilled5,8938,gQw822wnuA7Cvo7nF,True,False,2020-08-13
funny-face socks,Pink,False,600,150,Pink,Light blue,1x1,,Kicks,,Summer,False,1.0.0,Active,everyday; comfy,False,SocksTexCharacter0,5406,foRRtKZSXYm9y3rX9,True,False,2020-08-13
funny-face socks,Blue,False,600,150,Blue,Green,1x1,,Kicks,,Summer,False,1.0.0,Active,everyday; comfy,False,SocksTexCharacter1,9992,y8GCEKe7n9XX2TW4n,True,False,2020-08-13
funny-face socks,Red,False,600,150,Red,Yellow,1x1,,Kicks,,Summer,False,1.0.0,Active,everyday; comfy,False,SocksTexCharacter2,9993,qSjBCKKdyA4KREoye,True,False,2020-08-13
funny-face socks,Green,False,600,150,Green,Blue,1x1,,Kicks,,Summer,False,1.0.0,Active,everyday; comfy,False,SocksTexCharacter3,9994,hj2f2Lh4d4ZEWsi6B,True,False,2020-08-13
funny-face socks,Black,False,600,150,Black,Gray,1x1,,Kicks,,Summer,False,1.0.0,Active,everyday; comfy,False,SocksTexCharacter4,9995,Z325j6mwSX7psKc6s,True,False,2020-08-13
garter socks,Black,False,980,245,Black,Black,1x1,,Kicks,,All Year,False,1.0.0,Cool,formal; party; theatrical,False,SocksTexGarter0,4747,iwKjqecWcWav7tNss,True,False,2020-08-13
garter socks,White,False,980,245,White,White,1x1,,Kicks,,All Year,False,1.0.0,Cool,formal; party; theatrical,False,SocksTexGarter1,9661,iDmZtgECn8KRQuAMs,True,False,2020-08-13
garter socks,Purple,False,980,245,Purple,Purple,1x1,,Kicks,,All Year,False,1.0.0,Cool,formal; party; theatrical,False,SocksTexGarter2,9662,RN674wx6333j9XEHA,True,False,2020-08-13
garter socks,Red,False,980,245,Red,Red,1x1,,Kicks,,All Year,False,1.0.0,Cool,formal; party; theatrical,False,SocksTexGarter3,9663,88SHPWGpx3C5ft2dv,True,False,2020-08-13
geometric-print socks,Yellow,False,950,237,Yellow,Colorful,1x1,,Able Sisters,Available from Able Sisters shop only,All Year,False,1.0.0,Active,outdoorsy,False,SocksTexChimayo0,5444,iRLnesjDYbtq9h3KN,True,False,2020-08-13
geometric-print socks,Peacock blue,False,950,237,Light blue,Colorful,1x1,,Able Sisters,Available from Able Sisters shop only,All Year,False,1.0.0,Active,outdoorsy,False,SocksTexChimayo1,9912,LREKsNHetcJzH6h8w,True,False,2020-08-13
geometric-print socks,Purple,False,950,237,Purple,Colorful,1x1,,Able Sisters,Available from Able Sisters shop only,All Year,False,1.0.0,Active,outdoorsy,False,SocksTexChimayo2,9913,eLuF389npgRiWzMAS,True,False,2020-08-13
geometric-print socks,Beige,False,950,237,Beige,Colorful,1x1,,Able Sisters,Available from Able Sisters shop only,All Year,False,1.0.0,Active,outdoorsy,False,SocksTexChimayo3,9914,ssdvzowHC9cjHtC7E,True,False,2020-08-13
geometric-print socks,Pink,False,950,237,Pink,Colorful,1x1,,Able Sisters,Available from Able Sisters shop only,All Year,False,1.0.0,Active,outdoorsy,False,SocksTexChimayo4,9915,PuAirT3RNJoiq4EsZ,True,False,2020-08-13
geometric-print socks,Green,False,950,237,Green,Colorful,1x1,,Able Sisters,Available from Able Sisters shop only,All Year,False,1.0.0,Active,outdoorsy,False,SocksTexChimayo5,9916,jiHCobNrHoCB3jBao,True,False,2020-08-13
hand-knit socks,Green,False,700,175,Green,Green,1x1,,Able Sisters,Available from either Mable's temporary shop or Able Sisters shop,All Year,False,1.0.0,Simple,outdoorsy; comfy,False,SocksTexHandknit0,5196,z54zAKmuyqXF6pRiL,True,False,2020-08-13
hand-knit socks,Purple,False,700,175,Purple,Purple,1x1,,Able Sisters,Available from either Mable's temporary shop or Able Sisters shop,All Year,False,1.0.0,Simple,outdoorsy; comfy,False,SocksTexHandknit1,9076,j5an4tBSddSdQKoTE,True,False,2020-08-13
hand-knit socks,Orange,False,700,175,Orange,Orange,1x1,,Able Sisters,Available from either Mable's temporary shop or Able Sisters shop,All Year,False,1.0.0,Simple,outdoorsy; comfy,False,SocksTexHandknit2,9077,digGMqMoQXzCPZHcp,True,False,2020-08-13
holey socks,Blue,False,,10,Blue,Blue,1x1,,Recycle bin,,All Year,False,1.0.0,Simple,goth; comfy,False,SocksTexHole0,5178,eaux4kbxPYywzEPnk,False,False,2020-08-13
holey socks,Navy blue,False,,10,Blue,Blue,1x1,,Recycle bin,,All Year,False,1.0.0,Simple,goth; comfy,False,SocksTexHole1,9070,ekrFBBgdDZN9rCRyX,False,False,2020-08-13
holey socks,White,False,,10,Beige,Beige,1x1,,Recycle bin,,All Year,False,1.0.0,Simple,goth; comfy,False,SocksTexHole2,9071,mCipqhEgf8Co9QRig,False,False,2020-08-13
holey tights,Black,False,350,87,Black,Black,1x1,,Able Sisters,Available from either Mable's temporary shop or Able Sisters shop,All Year,False,1.0.0,Cool,everyday; goth; theatrical,False,SocksTexHoletights0,5176,CWxgPmSn9NHnRk7n8,True,False,2020-08-13
holey tights,Pink,False,350,87,Pink,Pink,1x1,,Able Sisters,Available from either Mable's temporary shop or Able Sisters shop,All Year,False,1.0.0,Cool,everyday; goth; theatrical,False,SocksTexHoletights1,9664,kfjtinkEFrk92xCDv,True,False,2020-08-13
holey tights,Light blue,False,350,87,Light blue,Light blue,1x1,,Able Sisters,Available from either Mable's temporary shop or Able Sisters shop,All Year,False,1.0.0,Cool,everyday; goth; theatrical,False,SocksTexHoletights2,9665,kRb3QxmzBz664qW7k,True,False,2020-08-13
holey tights,Red,False,350,87,Red,Red,1x1,,Able Sisters,Available from either Mable's temporary shop or Able Sisters shop,All Year,True,1.0.0,Cool,everyday; goth; theatrical,False,SocksTexHoletights3,9666,XddtgttTuvd2aGgJz,True,False,2020-08-13
holey tights,Purple,False,350,87,Purple,Purple,1x1,,Able Sisters,Available from either Mable's temporary shop or Able Sisters shop,All Year,False,1.0.0,Cool,everyday; goth; theatrical,False,SocksTexHoletights4,9667,dwSSLoeYvH4S8Bdvf,True,False,2020-08-13
holey tights,Green,False,350,87,Green,Green,1x1,,Able Sisters,Available from either Mable's temporary shop or Able Sisters shop,All Year,False,1.0.0,Cool,everyday; goth; theatrical,False,SocksTexHoletights5,9668,HsCb6Xa2yr6KfoP3j,True,False,2020-08-13
holey tights,Blue,False,350,87,Blue,Blue,1x1,,Able Sisters,Available from either Mable's temporary shop or Able Sisters shop,All Year,False,1.0.0,Cool,everyday; goth; theatrical,False,SocksTexHoletights6,9669,PYaDDkoBgonoD9ZgF,True,False,2020-08-13
holey tights,Yellow,False,350,87,Yellow,Yellow,1x1,,Able Sisters,Available from either Mable's temporary shop or Able Sisters shop,All Year,False,1.0.0,Cool,everyday; goth; theatrical,False,SocksTexHoletights7,9670,ZZ6wt2b5AyB4R3pEd,True,False,2020-08-13
kiddie socks,Red & light blue,False,600,150,Red,Light blue,1x1,,Kicks,,All Year,False,1.0.0,Cute,everyday; outdoorsy; comfy; sporty,False,SocksTexKids0,5201,5mqGef4h29DktRP5J,True,False,2020-08-13
kiddie socks,Blue & orange,False,600,150,Blue,Orange,1x1,,Kicks,,All Year,False,1.0.0,Cute,everyday; outdoorsy; comfy; sporty,False,SocksTexKids1,9985,caua8mbapACdisDuE,True,False,2020-08-13
kiddie socks,Lime & pink,False,600,150,Green,Pink,1x1,,Kicks,,All Year,False,1.0.0,Cute,everyday; outdoorsy; comfy; sporty,False,SocksTexKids2,9986,rKW7PLjcnQTJmxLpj,True,False,2020-08-13
kiddie socks,Yellow & purple,False,600,150,Yellow,Purple,1x1,,Kicks,,All Year,False,1.0.0,Cute,everyday; outdoorsy; comfy; sporty,False,SocksTexKids3,9987,CR4KZHwxdFpshqtRN,True,False,2020-08-13
kiddie socks,Light blue & red,False,600,150,Light blue,Red,1x1,,Kicks,,All Year,False,1.0.0,Cute,everyday; outdoorsy; comfy; sporty,False,SocksTexKids4,9988,LFgFyfPHF5DCtB2Mg,True,False,2020-08-13
kiddie socks,Purple & green,False,600,150,Purple,Green,1x1,,Kicks,,All Year,False,1.0.0,Cute,everyday; outdoorsy; comfy; sporty,False,SocksTexKids5,9989,Q5ppLfq9eAyh5CiDd,True,False,2020-08-13
kiddie socks,Pink & yellow,False,600,150,Pink,Yellow,1x1,,Kicks,,All Year,False,1.0.0,Cute,everyday; outdoorsy; comfy; sporty,False,SocksTexKids6,9990,uDAkFWgcMBdTxrpe7,True,False,2020-08-13
kiddie socks,Black & gray,False,600,150,Black,Gray,1x1,,Kicks,,All Year,False,1.0.0,Cute,everyday; outdoorsy; comfy; sporty,False,SocksTexKids7,9991,JYXCDdJSMofR4Fhgn,True,False,2020-08-13
Labelle socks,Twilight,False,940,235,Purple,Purple,1x1,,Labelle,,All Year,False,1.0.0,Cool,everyday; formal; sporty; theatrical,False,SocksTexKatesocks0,9883,hyhRxPjBSZAvnxQjr,True,False,2020-08-13
Labelle socks,Midnight,False,940,235,Black,Black,1x1,,Labelle,,All Year,False,1.0.0,Cool,everyday; formal; sporty; theatrical,False,SocksTexKatesocks1,11761,ZaX5Gyb34Kwj9bzLn,True,False,2020-08-13
Labelle socks,Passion,False,940,235,Red,Red,1x1,,Labelle,,All Year,False,1.0.0,Cool,everyday; formal; sporty; theatrical,False,SocksTexKatesocks2,11762,b7JBgeuAoWuwhKc9b,True,False,2020-08-13
Labelle socks,Ocean,False,940,235,Blue,Blue,1x1,,Labelle,,All Year,False,1.0.0,Cool,everyday; formal; sporty; theatrical,False,SocksTexKatesocks3,11763,RdoRnCSw4FpEXci5s,True,False,2020-08-13
Labelle socks,Sunset,False,940,235,Yellow,Yellow,1x1,,Labelle,,All Year,False,1.0.0,Cool,everyday; formal; sporty; theatrical,False,SocksTexKatesocks4,11764,bkDdwmPfGjYDQvo3b,True,False,2020-08-13
Labelle socks,Love,False,940,235,Pink,Pink,1x1,,Labelle,,All Year,False,1.0.0,Cool,everyday; formal; sporty; theatrical,False,SocksTexKatesocks5,11765,zSHmRiEPN4emdp2Bg,True,False,2020-08-13
Labelle tights,Twilight,False,1240,310,Purple,Purple,1x1,,Labelle,,All Year,False,1.0.0,Elegant,everyday; formal; party; theatrical,False,SocksTexKatetights0,9882,dL7xeqfcNGRcayR59,True,False,2020-08-13
Labelle tights,Midnight,False,1240,310,Black,Black,1x1,,Labelle,,All Year,False,1.0.0,Elegant,everyday; formal; party; theatrical,False,SocksTexKatetights1,11756,s9SheWRC6wvujqCQp,True,False,2020-08-13
Labelle tights,Passion,False,1240,310,Red,Red,1x1,,Labelle,,All Year,False,1.0.0,Elegant,everyday; formal; party; theatrical,False,SocksTexKatetights2,11757,epohpktM92yF7bhcB,True,False,2020-08-13
Labelle tights,Ocean,False,1240,310,Blue,Blue,1x1,,Labelle,,All Year,False,1.0.0,Elegant,everyday; formal; party; theatrical,False,SocksTexKatetights3,11758,MAHpTyaE9sPCXsKpb,True,False,2020-08-13
Labelle tights,Sunset,False,1240,310,Orange,Orange,1x1,,Labelle,,All Year,False,1.0.0,Elegant,everyday; formal; party; theatrical,False,SocksTexKatetights4,11759,e5f9rJg8Qo56X6xpo,True,False,2020-08-13
Labelle tights,Love,False,1240,310,Pink,Pink,1x1,,Labelle,,All Year,False,1.0.0,Elegant,everyday; formal; party; theatrical,False,SocksTexKatetights5,11760,zrQngGimLZz9HNpck,True,False,2020-08-13
lace socks,White,False,720,180,White,White,1x1,,Able Sisters,Available from Able Sisters shop only,All Year,False,1.0.0,Elegant,everyday; fairy tale; formal; party,False,SocksTexLace0,5173,qRGNuwPJJS3YyWe7w,True,False,2020-08-13
lace socks,Pink,False,720,180,Pink,White,1x1,,Able Sisters,Available from Able Sisters shop only,All Year,False,1.0.0,Elegant,everyday; fairy tale; formal; party,False,SocksTexLace1,8931,HMyTxrLsMc3PkSPXN,True,False,2020-08-13
lace socks,Green,False,720,180,Green,White,1x1,,Able Sisters,Available from Able Sisters shop only,All Year,False,1.0.0,Elegant,everyday; fairy tale; formal; party,False,SocksTexLace2,8932,zFT2DpYJPacGNEAP4,True,False,2020-08-13
lace socks,Black,False,720,180,Black,White,1x1,,Able Sisters,Available from Able Sisters shop only,All Year,False,1.0.0,Elegant,everyday; fairy tale; formal; party,False,SocksTexLace3,8933,86Y8rtryieE8cCHcS,True,False,2020-08-13
lace socks,Beige,False,720,180,Beige,White,1x1,,Able Sisters,Available from Able Sisters shop only,All Year,False,1.0.0,Elegant,everyday; fairy tale; formal; party,False,SocksTexLace4,10170,2wWiCEyFpcC64yLJz,True,False,2020-08-13
layered socks,Purple,False,720,180,Gray,Purple,1x1,,Able Sisters,Available from Able Sisters shop only,Winter,False,1.0.0,Simple,everyday; comfy,False,SockstTexOverlapping0,5195,2am8FTEZehx7t7nh7,True,False,2020-08-13
layered socks,Blue,False,720,180,Gray,Blue,1x1,,Able Sisters,Available from Able Sisters shop only,Winter,False,1.0.0,Simple,everyday; comfy,False,SockstTexOverlapping1,9902,pYcz36NuF4WtFs6nd,True,False,2020-08-13
layered socks,Yellow,False,720,180,Gray,Yellow,1x1,,Able Sisters,Available from Able Sisters shop only,Winter,False,1.0.0,Simple,everyday; comfy,False,SockstTexOverlapping2,9903,f8f8oNrhxiA3WCZwn,True,False,2020-08-13
layered socks,Green,False,720,180,Gray,Green,1x1,,Able Sisters,Available from Able Sisters shop only,Winter,True,1.0.0,Simple,everyday; comfy,False,SockstTexOverlapping3,9904,v5xsCzumBt8AQxD2q,True,False,2020-08-13
layered socks,Red,False,720,180,Gray,Red,1x1,,Able Sisters,Available from Able Sisters shop only,Winter,False,1.0.0,Simple,everyday; comfy,False,SockstTexOverlapping4,9905,dtFsbH6p5a4dPufKx,True,False,2020-08-13
layered socks,Orange,False,720,180,Gray,Orange,1x1,,Able Sisters,Available from Able Sisters shop only,Winter,False,1.0.0,Simple,everyday; comfy,False,SockstTexOverlapping5,9906,3wugeZu3eS3Kq5Mfz,True,False,2020-08-13
leg warmers,Purple,False,440,110,Purple,Purple,1x1,,Able Sisters,Available from either Mable's temporary shop or Able Sisters shop,Winter,False,1.0.0,Active,outdoorsy; comfy,False,SocksTexLegwarmer0,5169,XfT3B4xa9sbPq9SXo,True,False,2020-08-13
leg warmers,Black,False,440,110,Black,Black,1x1,,Able Sisters,Available from either Mable's temporary shop or Able Sisters shop,Winter,False,1.0.0,Active,outdoorsy; comfy,False,SocksTexLegwarmer1,9785,7SjdceMm9EBftH999,True,False,2020-08-13
leg warmers,Gray,False,440,110,Gray,Gray,1x1,,Able Sisters,Available from either Mable's temporary shop or Able Sisters shop,Winter,False,1.0.0,Active,outdoorsy; comfy,False,SocksTexLegwarmer2,9786,MRYbYyEpPpwCHQC6K,True,False,2020-08-13
leg warmers,Pink,False,440,110,Pink,Pink,1x1,,Able Sisters,Available from either Mable's temporary shop or Able Sisters shop,Winter,False,1.0.0,Active,outdoorsy; comfy,False,SocksTexLegwarmer3,9787,YbGujwbC62LKu4EJX,True,False,2020-08-13
leg warmers,Light purple,False,440,110,Purple,Purple,1x1,,Able Sisters,Available from either Mable's temporary shop or Able Sisters shop,Winter,False,1.0.0,Active,outdoorsy; comfy,False,SocksTexLegwarmer4,9788,HsxzpQQSheGZLynvt,True,False,2020-08-13
leg warmers,Blue,False,440,110,Blue,Blue,1x1,,Able Sisters,Available from either Mable's temporary shop or Able Sisters shop,Winter,False,1.0.0,Active,outdoorsy; comfy,False,SocksTexLegwarmer5,9789,pLsudAtibb4CcFrXA,True,False,2020-08-13
mixed-tweed socks,Red,False,800,200,Red,Red,1x1,,Able Sisters,Available from either Mable's temporary shop or Able Sisters shop,All Year,False,1.0.0,Simple,everyday; comfy,False,SocksTexMixtweed0,5168,owfZHfF53LSDDc9oY,True,False,2020-08-13
mixed-tweed socks,Avocado,False,800,200,Green,Green,1x1,,Able Sisters,Available from either Mable's temporary shop or Able Sisters shop,All Year,True,1.0.0,Simple,everyday; comfy,False,SocksTexMixtweed1,9063,Sm9A7YY3Cop9SL2SL,True,False,2020-08-13
mixed-tweed socks,Light blue,False,800,200,Light blue,Light blue,1x1,,Able Sisters,Available from either Mable's temporary shop or Able Sisters shop,All Year,False,1.0.0,Simple,everyday; comfy,False,SocksTexMixtweed2,9064,g8E79aFTJFqNSWkHa,True,False,2020-08-13
mixed-tweed socks,Purple,False,800,200,Purple,Purple,1x1,,Able Sisters,Available from either Mable's temporary shop or Able Sisters shop,All Year,False,1.0.0,Simple,everyday; comfy,False,SocksTexMixtweed3,9065,zYKg8nbNZ4yiK8MRo,True,False,2020-08-13
mixed-tweed socks,Blue,False,800,200,Blue,Blue,1x1,,Able Sisters,Available from either Mable's temporary shop or Able Sisters shop,All Year,False,1.0.0,Simple,everyday; comfy,False,SocksTexMixtweed4,9066,8zXuSD5mWeqWx9Ya3,True,False,2020-08-13
mixed-tweed socks,Orange,False,800,200,Orange,Orange,1x1,,Able Sisters,Available from either Mable's temporary shop or Able Sisters shop,All Year,False,1.0.0,Simple,everyday; comfy,False,SocksTexMixtweed5,9067,rKn2vigLdAKyp78pT,True,False,2020-08-13
mixed-tweed socks,Lime,False,800,200,Yellow,Yellow,1x1,,Able Sisters,Available from either Mable's temporary shop or Able Sisters shop,All Year,False,1.0.0,Simple,everyday; comfy,False,SocksTexMixtweed6,9068,pYazqm8irTwb5jLvL,True,False,2020-08-13
mixed-tweed socks,Pink,False,800,200,Beige,Beige,1x1,,Able Sisters,Available from either Mable's temporary shop or Able Sisters shop,All Year,False,1.0.0,Simple,everyday; comfy,False,SocksTexMixtweed7,9069,cdQLDmrQGmcMsDCyB,True,False,2020-08-13
neon leggings,Yellow,False,540,135,Yellow,Orange,1x1,,Able Sisters,Available from either Mable's temporary shop or Able Sisters shop,All Year,False,1.0.0,Active,outdoorsy; party; theatrical,False,SocksTexNeonleggings0,9586,RLSZDLNbLG83GjLLK,True,False,2020-08-13
neon leggings,Pink,False,540,135,Pink,Purple,1x1,,Able Sisters,Available from either Mable's temporary shop or Able Sisters shop,All Year,True,1.0.0,Active,outdoorsy; party; theatrical,False,SocksTexNeonleggings1,9808,m3yXnPxG2S67TTXiP,True,False,2020-08-13
neon leggings,Orange,False,540,135,Orange,Pink,1x1,,Able Sisters,Available from either Mable's temporary shop or Able Sisters shop,All Year,False,1.0.0,Active,outdoorsy; party; theatrical,False,SocksTexNeonleggings2,9809,nWcu7nF4Mm3GAaFuz,True,False,2020-08-13
neon leggings,Green,False,540,135,Green,Light blue,1x1,,Able Sisters,Available from either Mable's temporary shop or Able Sisters shop,All Year,False,1.0.0,Active,outdoorsy; party; theatrical,False,SocksTexNeonleggings3,9810,CiRdadkZ8CZHGSLWr,True,False,2020-08-13
neon leggings,Purple,False,540,135,Purple,Blue,1x1,,Able Sisters,Available from either Mable's temporary shop or Able Sisters shop,All Year,False,1.0.0,Active,outdoorsy; party; theatrical,False,SocksTexNeonleggings4,9811,tYx44vCXssquakWKM,True,False,2020-08-13
neon tights,Yellow,False,720,180,Yellow,Orange,1x1,,Able Sisters,Available from either Mable's temporary shop or Able Sisters shop,All Year,False,1.0.0,Active,party; theatrical,False,SocksTexNeontights0,9583,ribe86zk8CSeDJcNX,True,False,2020-08-13
neon tights,Pink,False,720,180,Pink,Purple,1x1,,Able Sisters,Available from either Mable's temporary shop or Able Sisters shop,All Year,False,1.0.0,Active,party; theatrical,False,SocksTexNeontights1,9694,W49nhK8ikKp6iSa5a,True,False,2020-08-13
neon tights,Orange,False,720,180,Orange,Pink,1x1,,Able Sisters,Available from either Mable's temporary shop or Able Sisters shop,All Year,True,1.0.0,Active,party; theatrical,False,SocksTexNeontights2,9695,pXXmML69f4b9sRPsa,True,False,2020-08-13
neon tights,Green,False,720,180,Green,Light blue,1x1,,Able Sisters,Available from either Mable's temporary shop or Able Sisters shop,All Year,True,1.0.0,Active,party; theatrical,False,SocksTexNeontights3,9696,eQLqwi3PDf8SvShDJ,True,False,2020-08-13
neon tights,Purple,False,720,180,Purple,Blue,1x1,,Able Sisters,Available from either Mable's temporary shop or Able Sisters shop,All Year,False,1.0.0,Active,party; theatrical,False,SocksTexNeontights4,9697,rqxeHWvFkEJxeELii,True,False,2020-08-13
no-show socks,Gray,False,480,120,Gray,Black,1x1,,Able Sisters,Available from either Mable's temporary shop or Able Sisters shop,All Year,True,1.0.0,Simple,everyday; outdoorsy; comfy; sporty,False,SocksTexSneakerin0,4741,23uqWuWmWfQc9SZrT,True,False,2020-08-13
no-show socks,White,False,480,120,White,Red,1x1,,Able Sisters,Available from either Mable's temporary shop or Able Sisters shop,All Year,True,1.0.0,Simple,everyday; outdoorsy; comfy; sporty,False,SocksTexSneakerin1,10003,nsnHnWq7HcCK3dSS5,True,False,2020-08-13
no-show socks,Berry red,False,480,120,Red,Gray,1x1,,Able Sisters,Available from either Mable's temporary shop or Able Sisters shop,All Year,False,1.0.0,Simple,everyday; outdoorsy; comfy; sporty,False,SocksTexSneakerin2,10004,RSdqLjfMrxzg6Nmij,True,False,2020-08-13
no-show socks,Light blue,False,480,120,Light blue,White,1x1,,Able Sisters,Available from either Mable's temporary shop or Able Sisters shop,All Year,True,1.0.0,Simple,everyday; outdoorsy; comfy; sporty,False,SocksTexSneakerin3,10005,YvFWc5QiCGCypwRRn,True,False,2020-08-13
no-show socks,Orange,False,480,120,Orange,Purple,1x1,,Able Sisters,Available from either Mable's temporary shop or Able Sisters shop,All Year,False,1.0.0,Simple,everyday; outdoorsy; comfy; sporty,False,SocksTexSneakerin4,10006,QWGErd9MjKGGs4iPK,True,False,2020-08-13
no-show socks,Green,False,480,120,Green,Blue,1x1,,Able Sisters,Available from either Mable's temporary shop or Able Sisters shop,All Year,False,1.0.0,Simple,everyday; outdoorsy; comfy; sporty,False,SocksTexSneakerin5,10007,w7siY5WWvHdgEhgHS,True,False,2020-08-13
no-show socks,Navy blue,False,480,120,Blue,Yellow,1x1,,Able Sisters,Available from either Mable's temporary shop or Able Sisters shop,All Year,False,1.0.0,Simple,everyday; outdoorsy; comfy; sporty,False,SocksTexSneakerin6,10008,8ttfsejMHiMv72kta,True,False,2020-08-13
no-show socks,Yellow,False,480,120,Yellow,Light blue,1x1,,Able Sisters,Available from either Mable's temporary shop or Able Sisters shop,All Year,False,1.0.0,Simple,everyday; outdoorsy; comfy; sporty,False,SocksTexSneakerin7,10009,58eK8s82q6PQojHbZ,True,False,2020-08-13
Nook Inc. socks,Yellow,False,,2000,Yellow,Orange,1x1,400,Nook Miles Shop,,All Year,False,1.0.0,Active,everyday; outdoorsy; comfy,False,SocksTexBorderRco,5629,9aX93qfqKjkA3Ah4F,False,False,2020-08-13
nordic socks,Navy blue,False,840,210,Blue,Black,1x1,,Able Sisters,Available from either Mable's temporary shop or Able Sisters shop,Winter,False,1.0.0,Elegant,everyday; outdoorsy; comfy,False,SocksTexNordic0,4748,YQkah68GuwuXS2Gnv,True,False,2020-08-13
nordic socks,Ivory,False,840,210,Beige,Black,1x1,,Able Sisters,Available from either Mable's temporary shop or Able Sisters shop,Winter,False,1.0.0,Elegant,everyday; outdoorsy; comfy,False,SocksTexNordic1,9889,HKdHEfY4v8cpzdGT2,True,False,2020-08-13
nordic socks,Red,False,840,210,Red,Black,1x1,,Able Sisters,Available from either Mable's temporary shop or Able Sisters shop,Winter,True,1.0.0,Elegant,everyday; outdoorsy; comfy,False,SocksTexNordic2,9890,yKLbboCACLCSWPHmw,True,False,2020-08-13
nordic socks,Blue,False,840,210,Blue,Black,1x1,,Able Sisters,Available from either Mable's temporary shop or Able Sisters shop,Winter,False,1.0.0,Elegant,everyday; outdoorsy; comfy,False,SocksTexNordic3,9891,x493oaGe4pAqW8Tue,True,False,2020-08-13
nordic socks,Gray,False,840,210,Gray,Black,1x1,,Able Sisters,Available from either Mable's temporary shop or Able Sisters shop,Winter,False,1.0.0,Elegant,everyday; outdoorsy; comfy,False,SocksTexNordic4,9892,MBjHJKaxWHn8hJyeQ,True,False,2020-08-13
nordic socks,Green,False,840,210,Green,Black,1x1,,Able Sisters,Available from either Mable's temporary shop or Able Sisters shop,Winter,True,1.0.0,Elegant,everyday; outdoorsy; comfy,False,SocksTexNordic5,9893,d9PWq3zpaRggPoN8R,True,False,2020-08-13
nordic socks,Light blue,False,840,210,Light blue,Black,1x1,,Able Sisters,Available from either Mable's temporary shop or Able Sisters shop,Winter,False,1.0.0,Elegant,everyday; outdoorsy; comfy,False,SocksTexNordic6,9894,QAMoumSd9Fv7CwA6m,True,False,2020-08-13
patterned stockings,Black,False,940,235,Black,Black,1x1,,Able Sisters,Available from Able Sisters shop only,All Year,True,1.0.0,Elegant,everyday; formal; party; theatrical,False,SocksTexStripedot0,6046,MPuQ9PxnjGgBdR4cr,True,False,2020-08-13
patterned stockings,White,False,940,235,White,White,1x1,,Able Sisters,Available from Able Sisters shop only,All Year,False,1.0.0,Elegant,everyday; formal; party; theatrical,False,SocksTexStripedot1,9674,bbZrafLMe87ifZ6yK,True,False,2020-08-13
pom-pom socks,Pink,False,720,180,Pink,White,1x1,,Able Sisters,Available from Able Sisters shop only,Winter,False,1.0.0,Cute,everyday; fairy tale; comfy,False,SocksTexBobble0,5179,xTxpqcYovDS7R4brm,True,False,2020-08-13
pom-pom socks,Blue,False,720,180,Light blue,White,1x1,,Able Sisters,Available from Able Sisters shop only,Winter,False,1.0.0,Cute,everyday; fairy tale; comfy,False,SocksTexBobble1,9072,X2Esyxf48CNDo7aS5,True,False,2020-08-13
pom-pom socks,Green,False,720,180,Green,White,1x1,,Able Sisters,Available from Able Sisters shop only,Winter,False,1.0.0,Cute,everyday; fairy tale; comfy,False,SocksTexBobble2,9073,sJ4i4vbxAsffiM4PS,True,False,2020-08-13
pom-pom socks,Orange,False,720,180,Orange,White,1x1,,Able Sisters,Available from Able Sisters shop only,Winter,False,1.0.0,Cute,everyday; fairy tale; comfy,False,SocksTexBobble3,9074,7cX6yDzovZqcytqYq,True,False,2020-08-13
pom-pom socks,Purple,False,720,180,Purple,White,1x1,,Able Sisters,Available from Able Sisters shop only,Winter,False,1.0.0,Cute,everyday; fairy tale; comfy,False,SocksTexBobble4,9075,p8pAsGdvNt3MhZJvQ,True,False,2020-08-13
puckered socks,Mustard,False,600,150,Orange,Orange,1x1,,Able Sisters,Available from Able Sisters shop only,All Year,False,1.0.0,Elegant,everyday,False,SocksTexPucker0,5198,jHhnoh4uTuxvfrRoR,True,False,2020-08-13
puckered socks,Red,False,600,150,Red,Red,1x1,,Able Sisters,Available from Able Sisters shop only,All Year,False,1.0.0,Elegant,everyday,False,SocksTexPucker1,9078,tqbtYmMFqJea5Ly4H,True,False,2020-08-13
puckered socks,Blue,False,600,150,Blue,Blue,1x1,,Able Sisters,Available from Able Sisters shop only,All Year,False,1.0.0,Elegant,everyday,False,SocksTexPucker2,9079,Qjs7aEzAyXkYiEx2j,True,False,2020-08-13
puckered socks,Green,False,600,150,Green,Green,1x1,,Able Sisters,Available from Able Sisters shop only,All Year,False,1.0.0,Elegant,everyday,False,SocksTexPucker3,9080,CBvB7JPEmJTEfBqHG,True,False,2020-08-13
puckered socks,Purple,False,600,150,Purple,Purple,1x1,,Able Sisters,Available from Able Sisters shop only,All Year,False,1.0.0,Elegant,everyday,False,SocksTexPucker4,9081,pEZh2BMo5Ht2z4Qdn,True,False,2020-08-13
running tights,Pink,False,550,137,Black,Pink,1x1,,Able Sisters,Available from either Mable's temporary shop or Able Sisters shop,All Year,False,1.0.0,Active,outdoorsy; sporty; work,False,SocksTexRun0,5214,vtfGv2xygxLpzEQ6c,True,False,2020-08-13
running tights,Yellow,False,550,137,Black,Yellow,1x1,,Able Sisters,Available from either Mable's temporary shop or Able Sisters shop,All Year,False,1.0.0,Active,outdoorsy; sporty; work,False,SocksTexRun1,9798,7cbeNaN77kh4PSrbn,True,False,2020-08-13
running tights,Blue,False,550,137,Black,Blue,1x1,,Able Sisters,Available from either Mable's temporary shop or Able Sisters shop,All Year,True,1.0.0,Active,outdoorsy; sporty; work,False,SocksTexRun2,9799,4tutx5H5HC9TNWmFn,True,False,2020-08-13
running tights,Green,False,550,137,Black,Green,1x1,,Able Sisters,Available from either Mable's temporary shop or Able Sisters shop,All Year,False,1.0.0,Active,outdoorsy; sporty; work,False,SocksTexRun3,9800,4HnvYfdvg6WwwBz9u,True,False,2020-08-13
semi-opaque socks,Green,False,480,120,Green,Green,1x1,,Able Sisters,Available from Able Sisters shop only,All Year,False,1.0.0,Elegant,everyday,False,SocksTexNuancesocks0,9644,aDd9YECbDwxmdtYRN,True,False,2020-08-13
semi-opaque socks,Red,False,480,120,Red,Red,1x1,,Able Sisters,Available from Able Sisters shop only,All Year,False,1.0.0,Elegant,everyday,False,SocksTexNuancesocks1,10027,9y7L6GWXoiMhXgsnf,True,False,2020-08-13
semi-opaque socks,Blue,False,480,120,Blue,Blue,1x1,,Able Sisters,Available from Able Sisters shop only,All Year,False,1.0.0,Elegant,everyday,False,SocksTexNuancesocks2,10028,cuQ2Efgb8W3eYPQMr,True,False,2020-08-13
semi-opaque socks,Navy blue,False,480,120,Purple,Purple,1x1,,Able Sisters,Available from Able Sisters shop only,All Year,False,1.0.0,Elegant,everyday,False,SocksTexNuancesocks3,10029,sqE8jqYCHjdpHJLD5,True,False,2020-08-13
semi-opaque socks,Purple,False,480,120,Pink,Pink,1x1,,Able Sisters,Available from Able Sisters shop only,All Year,False,1.0.0,Elegant,everyday,False,SocksTexNuancesocks4,10030,fm5LhL9MfomtYc46n,True,False,2020-08-13
semi-opaque socks,Camel,False,480,120,Yellow,Yellow,1x1,,Able Sisters,Available from Able Sisters shop only,All Year,False,1.0.0,Elegant,everyday,False,SocksTexNuancesocks5,10031,KLmZ9YcLY8dcH3nxQ,True,False,2020-08-13
semi-opaque socks,Avocado,False,480,120,Green,Green,1x1,,Able Sisters,Available from Able Sisters shop only,All Year,False,1.0.0,Elegant,everyday,False,SocksTexNuancesocks6,10032,eDjvXAE53RX4Y4uRb,True,False,2020-08-13
semi-opaque socks,Brown,False,480,120,Brown,Brown,1x1,,Able Sisters,Available from Able Sisters shop only,All Year,False,1.0.0,Elegant,everyday,False,SocksTexNuancesocks7,10033,seWE9o2TE28kpMDjm,True,False,2020-08-13
semi-opaque tights,Brown,False,720,180,Orange,Orange,1x1,,Able Sisters,Available from Able Sisters shop only,All Year,False,1.0.0,Elegant,everyday,False,SocksTexNuancetights0,9580,4tvCsLmAJBucyRFh4,True,False,2020-08-13
semi-opaque tights,Yellow,False,720,180,Yellow,Yellow,1x1,,Able Sisters,Available from Able Sisters shop only,All Year,False,1.0.0,Elegant,everyday,False,SocksTexNuancetights1,9675,wrzsLNreDDJSx9rcv,True,False,2020-08-13
semi-opaque tights,Green,False,720,180,Green,Green,1x1,,Able Sisters,Available from Able Sisters shop only,All Year,False,1.0.0,Elegant,everyday,False,SocksTexNuancetights2,9676,dybLNTRi3jQvD8Tdq,True,False,2020-08-13
semi-opaque tights,Purple,False,720,180,Purple,Purple,1x1,,Able Sisters,Available from Able Sisters shop only,All Year,False,1.0.0,Elegant,everyday,False,SocksTexNuancetights3,9677,TQaSHhuiZi36xa2Jx,True,False,2020-08-13
semi-opaque tights,Blue,False,720,180,Blue,Blue,1x1,,Able Sisters,Available from Able Sisters shop only,All Year,True,1.0.0,Elegant,everyday,False,SocksTexNuancetights4,9678,GtaHiEpq7oDHgytbC,True,False,2020-08-13
semi-opaque tights,Pink,False,720,180,Pink,Pink,1x1,,Able Sisters,Available from Able Sisters shop only,All Year,False,1.0.0,Elegant,everyday,False,SocksTexNuancetights5,9679,g4dSGvzNvZLb5woZ2,True,False,2020-08-13
semi-opaque tights,Red,False,720,180,Red,Red,1x1,,Able Sisters,Available from Able Sisters shop only,All Year,False,1.0.0,Elegant,everyday,False,SocksTexNuancetights6,9680,SG5Y2GgkbZ3bfrKzG,True,False,2020-08-13
semi-opaque tights,Yellow-green,False,720,180,Green,Green,1x1,,Able Sisters,Available from Able Sisters shop only,All Year,False,1.0.0,Elegant,everyday,False,SocksTexNuancetights7,9681,Z36xyWkyy3QY6egTc,True,False,2020-08-13
sequin leggings,Pink,False,940,235,Pink,Pink,1x1,,Kicks,,All Year,False,1.0.0,Gorgeous,party; theatrical,False,SocksTexSequins0,4743,pKRC3yY3R5RkyxY5x,True,False,2020-08-13
sequin leggings,Red,False,940,235,Red,Red,1x1,,Kicks,,All Year,False,1.0.0,Gorgeous,party; theatrical,False,SocksTexSequins1,11580,Jk6c6Hi3y4tWEsGmb,True,False,2020-08-13
sequin leggings,Black,False,940,235,Black,Black,1x1,,Kicks,,All Year,False,1.0.0,Gorgeous,party; theatrical,False,SocksTexSequins2,11581,LYwjTYKtgGPanWj78,True,False,2020-08-13
sequin leggings,Yellow,False,940,235,Yellow,Yellow,1x1,,Kicks,,All Year,False,1.0.0,Gorgeous,party; theatrical,False,SocksTexSequins3,11582,Esh9SXsXcdtLvBaNY,True,False,2020-08-13
sequin leggings,White,False,940,235,White,White,1x1,,Kicks,,All Year,False,1.0.0,Gorgeous,party; theatrical,False,SocksTexSequins4,11583,Mp6tw5WGZKDfC3r9Q,True,False,2020-08-13
sequin leggings,Blue,False,940,235,Blue,Blue,1x1,,Kicks,,All Year,False,1.0.0,Gorgeous,party; theatrical,False,SocksTexSequins5,11584,CN7jyWoBhp9yTgyC6,True,False,2020-08-13
sequin leggings,Purple,False,940,235,Purple,Purple,1x1,,Kicks,,All Year,False,1.0.0,Gorgeous,party; theatrical,False,SocksTexSequins6,11585,NQtAZA8S9JxtKcuvJ,True,False,2020-08-13
sequin leggings,Green,False,940,235,Green,Green,1x1,,Kicks,,All Year,False,1.0.0,Gorgeous,party; theatrical,False,SocksTexSequins7,11586,J53GKGigQmiYbR92q,True,False,2020-08-13
sheer socks,Blue,False,600,150,Blue,Blue,1x1,,Kicks,,Fall,False,1.0.0,Elegant,everyday; formal; party,False,SocksTexSeethrough0,5812,nMjTv2ajZrHaFzWcJ,True,False,2020-08-13
sheer socks,Berry red,False,600,150,Red,Red,1x1,,Kicks,,Fall,False,1.0.0,Elegant,everyday; formal; party,False,SocksTexSeethrough1,9928,vwEun3iFbpAxkN9YM,True,False,2020-08-13
sheer socks,Brown,False,600,150,Brown,Brown,1x1,,Kicks,,Fall,False,1.0.0,Elegant,everyday; formal; party,False,SocksTexSeethrough2,9929,Yg79sKrkCuNmim6Lh,True,False,2020-08-13
sheer socks,Green,False,600,150,Green,Green,1x1,,Kicks,,Fall,False,1.0.0,Elegant,everyday; formal; party,False,SocksTexSeethrough3,9930,j7pziPZTkZveBAuPv,True,False,2020-08-13
sheer socks,Olive,False,600,150,Green,Green,1x1,,Kicks,,Fall,False,1.0.0,Elegant,everyday; formal; party,False,SocksTexSeethrough4,9931,WNq5e8Fxyh8xiXGQx,True,False,2020-08-13
sheer socks,Gray,False,600,150,Gray,Gray,1x1,,Kicks,,Fall,False,1.0.0,Elegant,everyday; formal; party,False,SocksTexSeethrough5,9932,38sduqDDHJFtnAfuF,True,False,2020-08-13
simple knee-high socks,Pink,False,600,150,Pink,Pink,1x1,,Kicks,,All Year,False,1.0.0,Cute,everyday,False,SocksTexSimpleknee0,12175,zFnCYaxy784dqgR64,True,False,2020-08-13
simple knee-high socks,White,False,600,150,White,White,1x1,,Kicks,,All Year,False,1.0.0,Cute,everyday,False,SocksTexSimpleknee1,12182,XtJFPeWuftyf2oPz4,True,False,2020-08-13
simple knee-high socks,Red,False,600,150,Red,Red,1x1,,Kicks,,All Year,False,1.0.0,Cute,everyday,False,SocksTexSimpleknee2,12183,RGA5qnS5QpyYE9YMo,True,False,2020-08-13
simple knee-high socks,Blue,False,600,150,Light blue,Light blue,1x1,,Kicks,,All Year,False,1.0.0,Cute,everyday,False,SocksTexSimpleknee3,12184,SxXnBrRAxfq3x28sc,True,False,2020-08-13
simple-accent socks,Navy blue,False,720,180,Blue,Red,1x1,,Able Sisters,Available from either Mable's temporary shop or Able Sisters shop,All Year,True,1.0.0,Simple,everyday; formal,False,SocksTexOnepoint0,5200,pXiEbRv6KpRzR2HhF,True,False,2020-08-13
simple-accent socks,Black,False,720,180,Black,White,1x1,,Able Sisters,Available from either Mable's temporary shop or Able Sisters shop,All Year,False,1.0.0,Simple,everyday; formal,False,SocksTexOnepoint1,9082,aF6MoJRq25nmozuqJ,True,False,2020-08-13
simple-accent socks,White,False,720,180,White,Black,1x1,,Able Sisters,Available from either Mable's temporary shop or Able Sisters shop,All Year,True,1.0.0,Simple,everyday; formal,False,SocksTexOnepoint2,9083,oDiizez3yxj6HtyQr,True,False,2020-08-13
simple-accent socks,Gray,False,720,180,Gray,Light blue,1x1,,Able Sisters,Available from either Mable's temporary shop or Able Sisters shop,All Year,False,1.0.0,Simple,everyday; formal,False,SocksTexOnepoint3,9084,og9QPp6jXLwv9RfEZ,True,False,2020-08-13
simple-accent socks,Blue,False,720,180,Blue,Light blue,1x1,,Able Sisters,Available from either Mable's temporary shop or Able Sisters shop,All Year,False,1.0.0,Simple,everyday; formal,False,SocksTexOnepoint4,9085,4odTg8BmPySYZensZ,True,False,2020-08-13
simple-accent socks,Orange,False,720,180,Orange,Yellow,1x1,,Able Sisters,Available from either Mable's temporary shop or Able Sisters shop,All Year,True,1.0.0,Simple,everyday; formal,False,SocksTexOnepoint5,9086,AYXDKak7MRoKKJ24J,True,False,2020-08-13
simple-accent socks,Red,False,720,180,Red,Black,1x1,,Able Sisters,Available from either Mable's temporary shop or Able Sisters shop,All Year,False,1.0.0,Simple,everyday; formal,False,SocksTexOnepoint6,9087,4sozM46zqJys5bcFt,True,False,2020-08-13
simple-accent socks,Pink,False,720,180,Pink,White,1x1,,Able Sisters,Available from either Mable's temporary shop or Able Sisters shop,All Year,False,1.0.0,Simple,everyday; formal,False,SocksTexOnepoint7,9088,ZKHg7YC8qTrpLm76X,True,False,2020-08-13
soccer socks,Blue,False,800,200,Blue,White,1x1,,Kicks,,All Year,False,1.0.0,Active,sporty; work,False,SocksTexFootball0,5177,xwcWvpsyxDjwwF7jt,True,False,2020-08-13
soccer socks,Red,False,800,200,Red,White,1x1,,Kicks,,All Year,False,1.0.0,Active,sporty; work,False,SocksTexFootball1,9973,4QejjPC38oza2u98X,True,False,2020-08-13
soccer socks,Green,False,800,200,Green,White,1x1,,Kicks,,All Year,False,1.0.0,Active,sporty; work,False,SocksTexFootball2,9974,zbWuXc2n8WYG7rnNY,True,False,2020-08-13
soccer socks,Light blue,False,800,200,Light blue,White,1x1,,Kicks,,All Year,False,1.0.0,Active,sporty; work,False,SocksTexFootball3,9975,Mk4mRFChWdZxYsqcu,True,False,2020-08-13
soccer socks,Black,False,800,200,Black,White,1x1,,Kicks,,All Year,False,1.0.0,Active,sporty; work,False,SocksTexFootball4,9976,kSEJpobnFBFviu4sX,True,False,2020-08-13
soccer socks,Orange,False,800,200,Orange,White,1x1,,Kicks,,All Year,False,1.0.0,Active,sporty; work,False,SocksTexFootball5,9977,tsnTTCg9bosbBLXpS,True,False,2020-08-13
soccer socks,White,False,800,200,White,Black,1x1,,Kicks,,All Year,False,1.0.0,Active,sporty; work,False,SocksTexFootball6,9978,y72GvNAoswc8fgK6p,True,False,2020-08-13
spider-web tights,Black,False,720,180,Black,Black,1x1,,Kicks,,Fall,False,1.0.0,Cool,goth; party; theatrical,False,SocksTexSpider0,5203,SR5g7wLo5uvQ9TaYe,True,False,2020-08-13
spider-web tights,White,False,720,180,White,White,1x1,,Kicks,,Fall,False,1.0.0,Cool,goth; party; theatrical,False,SocksTexSpider1,9671,Q8ktndrSuTbgX4GWP,True,False,2020-08-13
spider-web tights,Orange,False,720,180,Orange,Orange,1x1,,Kicks,,Fall,False,1.0.0,Cool,goth; party; theatrical,False,SocksTexSpider2,9672,vbFcKTrEoZZ4EjYWC,True,False,2020-08-13
spider-web tights,Purple,False,720,180,Purple,Purple,1x1,,Kicks,,Fall,False,1.0.0,Cool,goth; party; theatrical,False,SocksTexSpider3,9673,8GMMKmgvcPFx5z4sK,True,False,2020-08-13
stockings,Black,False,480,120,Black,Black,1x1,,Able Sisters,Available from either Mable's temporary shop or Able Sisters shop,All Year,False,1.0.0,Simple,everyday; work,False,SocksTexTights0,3095,2uXpSKSXayL8rWmwq,True,False,2020-08-13
stockings,Gray,False,480,120,Gray,Gray,1x1,,Able Sisters,Available from either Mable's temporary shop or Able Sisters shop,All Year,False,1.0.0,Simple,everyday; work,False,SocksTexTights1,9655,LcGtPT8D5FAwyTDeH,True,False,2020-08-13
stockings,White,False,480,120,White,White,1x1,,Able Sisters,Available from either Mable's temporary shop or Able Sisters shop,All Year,False,1.0.0,Simple,everyday; work,False,SocksTexTights2,9656,psXxbMdjsh7D9tHpQ,True,False,2020-08-13
stockings,Brown,False,480,120,Brown,Brown,1x1,,Able Sisters,Available from either Mable's temporary shop or Able Sisters shop,All Year,False,1.0.0,Simple,everyday; work,False,SocksTexTights3,9657,GnwPZXALfY7WD3FZh,True,False,2020-08-13
stockings,Beige,False,480,120,Beige,Beige,1x1,,Able Sisters,Available from either Mable's temporary shop or Able Sisters shop,All Year,True,1.0.0,Simple,everyday; work,False,SocksTexTights4,9658,BBH3W3NDeZqwSizDY,True,False,2020-08-13
stretch leggings,Navy blue,False,450,112,Blue,Blue,1x1,,Able Sisters,Available from either Mable's temporary shop or Able Sisters shop,All Year,False,1.0.0,Simple,everyday; outdoorsy; sporty,False,SocksTexLeggings0,4744,ixedzMQJwA7Zif56r,True,False,2020-08-13
stretch leggings,Gray,False,450,112,Gray,Gray,1x1,,Able Sisters,Available from either Mable's temporary shop or Able Sisters shop,All Year,True,1.0.0,Simple,everyday; outdoorsy; sporty,False,SocksTexLeggings1,9776,6H8evYPQyriD32JQg,True,False,2020-08-13
stretch leggings,Dark gray,False,450,112,Gray,Gray,1x1,,Able Sisters,Available from either Mable's temporary shop or Able Sisters shop,All Year,True,1.0.0,Simple,everyday; outdoorsy; sporty,False,SocksTexLeggings2,9777,KSfWAQcAE6BqrYSRP,True,False,2020-08-13
stretch leggings,White,False,450,112,White,White,1x1,,Able Sisters,Available from either Mable's temporary shop or Able Sisters shop,All Year,False,1.0.0,Simple,everyday; outdoorsy; sporty,False,SocksTexLeggings3,9778,ERLTKc3eKLSNLN9eZ,True,False,2020-08-13
stretch leggings,Black,False,450,112,Black,Black,1x1,,Able Sisters,Available from either Mable's temporary shop or Able Sisters shop,All Year,True,1.0.0,Simple,everyday; outdoorsy; sporty,False,SocksTexLeggings4,9779,jW9cCN469obn7jucv,True,False,2020-08-13
stretch leggings,Brown,False,450,112,Brown,Brown,1x1,,Able Sisters,Available from either Mable's temporary shop or Able Sisters shop,All Year,False,1.0.0,Simple,everyday; outdoorsy; sporty,False,SocksTexLeggings5,9780,SHRKAQav7w9yMQPag,True,False,2020-08-13
stretch leggings,Green,False,450,112,Green,Green,1x1,,Able Sisters,Available from either Mable's temporary shop or Able Sisters shop,All Year,True,1.0.0,Simple,everyday; outdoorsy; sporty,False,SocksTexLeggings6,9781,9Z3ddEpG4AYFQxaEj,True,False,2020-08-13
striped socks,Monotone,False,600,150,Black,White,1x1,,Able Sisters,Available from either Mable's temporary shop or Able Sisters shop,All Year,False,1.0.0,Simple,everyday; comfy,False,SocksTexBorder0,5199,t9tggbKqbrE7cm7ZY,True,False,2020-08-13
striped socks,Light blue,False,600,150,Light blue,White,1x1,,Able Sisters,Available from either Mable's temporary shop or Able Sisters shop,All Year,False,1.0.0,Simple,everyday; comfy,False,SocksTexBorder1,6902,rbnvg68hfQu4YFrWn,True,False,2020-08-13
striped socks,Green,False,600,150,Green,White,1x1,,Able Sisters,Available from either Mable's temporary shop or Able Sisters shop,All Year,False,1.0.0,Simple,everyday; comfy,False,SocksTexBorder2,9996,qSyP6Jt6tHYQR3vEN,True,False,2020-08-13
striped socks,Yellow,False,600,150,Yellow,White,1x1,,Able Sisters,Available from either Mable's temporary shop or Able Sisters shop,All Year,False,1.0.0,Simple,everyday; comfy,False,SocksTexBorder3,9997,LxMR9hdCLhn7g2Y9D,True,False,2020-08-13
striped socks,Orange,False,600,150,Orange,White,1x1,,Able Sisters,Available from either Mable's temporary shop or Able Sisters shop,All Year,False,1.0.0,Simple,everyday; comfy,False,SocksTexBorder4,9998,EoL5z2pvu3WkYoENu,True,False,2020-08-13
striped socks,Red,False,600,150,Red,White,1x1,,Able Sisters,Available from either Mable's temporary shop or Able Sisters shop,All Year,False,1.0.0,Simple,everyday; comfy,False,SocksTexBorder5,9999,2ECQP2p6gd3d2Xiqq,True,False,2020-08-13
striped socks,Purple,False,600,150,Purple,White,1x1,,Able Sisters,Available from either Mable's temporary shop or Able Sisters shop,All Year,False,1.0.0,Simple,everyday; comfy,False,SocksTexBorder6,10000,XXHrJMsWnq2SuvFGz,True,False,2020-08-13
striped socks,Blue,False,600,150,Blue,White,1x1,,Able Sisters,Available from either Mable's temporary shop or Able Sisters shop,All Year,False,1.0.0,Simple,everyday; comfy,False,SocksTexBorder7,10001,v4aS6bX6iZQm5vbzM,True,False,2020-08-13
striped tights,Red,False,720,180,Red,Black,1x1,,Able Sisters,Available from Able Sisters shop only,All Year,False,1.0.0,Gorgeous,party; theatrical,False,SocksTexStripe0,6045,PNMohFRGwDWXGQ7r9,True,False,2020-08-13
striped tights,Gray,False,720,180,Gray,Black,1x1,,Able Sisters,Available from Able Sisters shop only,All Year,False,1.0.0,Gorgeous,party; theatrical,False,SocksTexStripe1,9937,fCNB87FXmS7cJJtkQ,True,False,2020-08-13
striped tights,Pink,False,720,180,Pink,Black,1x1,,Able Sisters,Available from Able Sisters shop only,All Year,False,1.0.0,Gorgeous,party; theatrical,False,SocksTexStripe2,9938,GjSvq9AEsbSj4L4ct,True,False,2020-08-13
striped tights,Light blue,False,720,180,Light blue,Black,1x1,,Able Sisters,Available from Able Sisters shop only,All Year,False,1.0.0,Gorgeous,party; theatrical,False,SocksTexStripe3,9939,ascM9HQW8zQ836QHZ,True,False,2020-08-13
striped tights,Yellow,False,720,180,Yellow,Black,1x1,,Able Sisters,Available from Able Sisters shop only,All Year,False,1.0.0,Gorgeous,party; theatrical,False,SocksTexStripe4,9940,bxoHZt9xhQQAWnk6e,True,False,2020-08-13
striped tights,Purple,False,720,180,Purple,Black,1x1,,Able Sisters,Available from Able Sisters shop only,All Year,False,1.0.0,Gorgeous,party; theatrical,False,SocksTexStripe5,9941,xjPhMuuZLe7g5nQux,True,False,2020-08-13
striped tights,Green,False,720,180,Green,Black,1x1,,Able Sisters,Available from Able Sisters shop only,All Year,False,1.0.0,Gorgeous,party; theatrical,False,SocksTexStripe6,9942,vx83ey5MNpgbkw7d8,True,False,2020-08-13
striped tights,Orange,False,720,180,Orange,Black,1x1,,Able Sisters,Available from Able Sisters shop only,All Year,False,1.0.0,Gorgeous,party; theatrical,False,SocksTexStripe7,9943,MFxpesNYcvptjTHHY,True,False,2020-08-13
tabi,White,False,1200,300,White,White,1x1,,Able Sisters,Available from Able Sisters shop only,All Year,False,1.0.0,Simple,everyday; formal; party,False,SocksTexTabi0,4749,KfRLgXY6TYdMTrS8A,True,False,2020-08-13
tabi,Black,False,1200,300,Black,Black,1x1,,Able Sisters,Available from Able Sisters shop only,All Year,False,1.0.0,Simple,everyday; formal; party,False,SocksTexTabi1,8929,iph2HdeGDjsBYj8Yx,True,False,2020-08-13
tabi,Navy blue,False,1200,300,Blue,Blue,1x1,,Able Sisters,Available from Able Sisters shop only,All Year,False,1.0.0,Simple,everyday; formal; party,False,SocksTexTabi2,8930,brQgmrTHCaRLuxPrt,True,False,2020-08-13
terry-cloth socks,Pink,False,600,150,Pink,White,1x1,,Able Sisters,Available from either Mable's temporary shop or Able Sisters shop,Winter,False,1.0.0,Cute,fairy tale; comfy,False,SocksTexFluffy0,5181,zG2c5nGSwNAtEYA24,True,False,2020-08-13
terry-cloth socks,Purple,False,600,150,Purple,White,1x1,,Able Sisters,Available from either Mable's temporary shop or Able Sisters shop,Winter,False,1.0.0,Cute,fairy tale; comfy,False,SocksTexFluffy1,9979,kSPNXN3pQosJcuwgG,True,False,2020-08-13
terry-cloth socks,Blue,False,600,150,Light blue,White,1x1,,Able Sisters,Available from either Mable's temporary shop or Able Sisters shop,Winter,False,1.0.0,Cute,fairy tale; comfy,False,SocksTexFluffy2,9980,hygdPjz55qgkjrdxz,True,False,2020-08-13
terry-cloth socks,Green,False,600,150,Green,White,1x1,,Able Sisters,Available from either Mable's temporary shop or Able Sisters shop,Winter,False,1.0.0,Cute,fairy tale; comfy,False,SocksTexFluffy3,9981,J4oqoEe8hyEz9qBob,True,False,2020-08-13
terry-cloth socks,Beige,False,600,150,Beige,White,1x1,,Able Sisters,Available from either Mable's temporary shop or Able Sisters shop,Winter,False,1.0.0,Cute,fairy tale; comfy,False,SocksTexFluffy4,9982,wtcZP59Bep5AdBvnW,True,False,2020-08-13
terry-cloth socks,Red,False,600,150,Red,White,1x1,,Able Sisters,Available from either Mable's temporary shop or Able Sisters shop,Winter,False,1.0.0,Cute,fairy tale; comfy,False,SocksTexFluffy5,9983,bQKLrkboL3tGTmJ5i,True,False,2020-08-13
terry-cloth socks,Gray,False,600,150,Gray,White,1x1,,Able Sisters,Available from either Mable's temporary shop or Able Sisters shop,Winter,False,1.0.0,Cute,fairy tale; comfy,False,SocksTexFluffy6,9984,oWyAYb3Tm9QD65J8v,True,False,2020-08-13
tube socks,Blue,False,480,120,White,Blue,1x1,,Able Sisters,Available from either Mable's temporary shop or Able Sisters shop,All Year,False,1.0.0,Simple,everyday; outdoorsy; sporty,False,SocksTexLine0,4746,xoupDJWYgiuYScJjP,True,False,2020-08-13
tube socks,Orange,False,480,120,White,Orange,1x1,,Able Sisters,Available from either Mable's temporary shop or Able Sisters shop,All Year,True,1.0.0,Simple,everyday; outdoorsy; sporty,False,SocksTexLine1,9966,uKZ6dMzWnvFWRds6j,True,False,2020-08-13
tube socks,Green,False,480,120,White,Green,1x1,,Able Sisters,Available from either Mable's temporary shop or Able Sisters shop,All Year,False,1.0.0,Simple,everyday; outdoorsy; sporty,False,SocksTexLine2,9967,jSogLE7tMPqgbgYqm,True,False,2020-08-13
tube socks,Red,False,480,120,White,Red,1x1,,Able Sisters,Available from either Mable's temporary shop or Able Sisters shop,All Year,False,1.0.0,Simple,everyday; outdoorsy; sporty,False,SocksTexLine3,9968,R5s3b5xWWYSfshCR2,True,False,2020-08-13
tube socks,Navy blue,False,480,120,Gray,Blue,1x1,,Able Sisters,Available from either Mable's temporary shop or Able Sisters shop,All Year,False,1.0.0,Simple,everyday; outdoorsy; sporty,False,SocksTexLine4,9969,BuvT97X2dh9FY2BYf,True,False,2020-08-13
tube socks,Berry red,False,480,120,Gray,Red,1x1,,Able Sisters,Available from either Mable's temporary shop or Able Sisters shop,All Year,False,1.0.0,Simple,everyday; outdoorsy; sporty,False,SocksTexLine5,9970,5KWePAFBtAZXKMZk2,True,False,2020-08-13
tube socks,Dark green,False,480,120,Gray,Green,1x1,,Able Sisters,Available from either Mable's temporary shop or Able Sisters shop,All Year,False,1.0.0,Simple,everyday; outdoorsy; sporty,False,SocksTexLine6,9971,t9Q2Hk6RbHFt7ph5t,True,False,2020-08-13
tube socks,Purple,False,480,120,Gray,Purple,1x1,,Able Sisters,Available from either Mable's temporary shop or Able Sisters shop,All Year,False,1.0.0,Simple,everyday; outdoorsy; sporty,False,SocksTexLine7,9972,PnoczFigxSjbCZwA2,True,False,2020-08-13
ultra no-show socks,Blue,False,480,120,Blue,Blue,1x1,,Able Sisters,Available from either Mable's temporary shop or Able Sisters shop,All Year,False,1.0.0,Simple,everyday; outdoorsy; sporty,False,SocksTexFootcover0,5167,EMiBarZr7cxvEFmmF,True,False,2020-08-13
ultra no-show socks,Pink,False,480,120,Pink,Pink,1x1,,Able Sisters,Available from either Mable's temporary shop or Able Sisters shop,All Year,False,1.0.0,Simple,everyday; outdoorsy; sporty,False,SocksTexFootcover1,10010,2ifRj79NaD3X4wXAR,True,False,2020-08-13
ultra no-show socks,Brown,False,480,120,Brown,Brown,1x1,,Able Sisters,Available from either Mable's temporary shop or Able Sisters shop,All Year,False,1.0.0,Simple,everyday; outdoorsy; sporty,False,SocksTexFootcover2,10011,ddE25Lais494tdxrR,True,False,2020-08-13
ultra no-show socks,Olive,False,480,120,Green,Green,1x1,,Able Sisters,Available from either Mable's temporary shop or Able Sisters shop,All Year,False,1.0.0,Simple,everyday; outdoorsy; sporty,False,SocksTexFootcover3,10012,rQG8qATgfDzfi392j,True,False,2020-08-13
ultra no-show socks,Green,False,480,120,Green,Green,1x1,,Able Sisters,Available from either Mable's temporary shop or Able Sisters shop,All Year,False,1.0.0,Simple,everyday; outdoorsy; sporty,False,SocksTexFootcover4,10013,wKeAGu8o4PcjQ47EF,True,False,2020-08-13
ultra no-show socks,Purple,False,480,120,Purple,Purple,1x1,,Able Sisters,Available from either Mable's temporary shop or Able Sisters shop,All Year,False,1.0.0,Simple,everyday; outdoorsy; sporty,False,SocksTexFootcover5,10014,2KsDq7dXnzAhT6YqC,True,False,2020-08-13
ultra no-show socks,Black,False,480,120,Black,Black,1x1,,Able Sisters,Available from either Mable's temporary shop or Able Sisters shop,All Year,False,1.0.0,Simple,everyday; outdoorsy; sporty,False,SocksTexFootcover6,10015,oCkrAgFbomNriMJY3,True,False,2020-08-13
ultra no-show socks,White,False,480,120,White,White,1x1,,Able Sisters,Available from either Mable's temporary shop or Able Sisters shop,All Year,False,1.0.0,Simple,everyday; outdoorsy; sporty,False,SocksTexFootcover7,10016,oMaoadYMsSq69Wwim,True,False,2020-08-13
vivid leggings,Light blue,False,450,112,Light blue,Light blue,1x1,,Able Sisters,Available from Able Sisters shop only,All Year,False,1.0.0,Simple,outdoorsy; party; theatrical,False,SocksTexVividleggings0,9585,DGfxSf7iWuTH9AZ8c,True,False,2020-08-13
vivid leggings,Purple,False,450,112,Purple,Purple,1x1,,Able Sisters,Available from Able Sisters shop only,All Year,False,1.0.0,Simple,outdoorsy; party; theatrical,False,SocksTexVividleggings1,9801,jvyWa8Rsq8xuwyRZf,True,False,2020-08-13
vivid leggings,Red,False,450,112,Red,Red,1x1,,Able Sisters,Available from Able Sisters shop only,All Year,False,1.0.0,Simple,outdoorsy; party; theatrical,False,SocksTexVividleggings2,9802,srfYPBLHS6M55HMho,True,False,2020-08-13
vivid leggings,Pink,False,450,112,Pink,Pink,1x1,,Able Sisters,Available from Able Sisters shop only,All Year,False,1.0.0,Simple,outdoorsy; party; theatrical,False,SocksTexVividleggings3,9803,hPKNndPanerKb6ZNS,True,False,2020-08-13
vivid leggings,Blue,False,450,112,Blue,Blue,1x1,,Able Sisters,Available from Able Sisters shop only,All Year,False,1.0.0,Simple,outdoorsy; party; theatrical,False,SocksTexVividleggings4,9804,bY3ozoCphnPNSk9n2,True,False,2020-08-13
vivid leggings,Yellow,False,450,112,Yellow,Yellow,1x1,,Able Sisters,Available from Able Sisters shop only,All Year,False,1.0.0,Simple,outdoorsy; party; theatrical,False,SocksTexVividleggings5,9805,4NsYzSi2uTXWPcfS9,True,False,2020-08-13
vivid leggings,Green,False,450,112,Green,Green,1x1,,Able Sisters,Available from Able Sisters shop only,All Year,False,1.0.0,Simple,outdoorsy; party; theatrical,False,SocksTexVividleggings6,9806,wdaxnZxvxHNHFRKWD,True,False,2020-08-13
vivid leggings,Orange,False,450,112,Orange,Orange,1x1,,Able Sisters,Available from Able Sisters shop only,All Year,False,1.0.0,Simple,outdoorsy; party; theatrical,False,SocksTexVividleggings7,9807,yanC6fx5Xfpr7ihup,True,False,2020-08-13
vivid socks,Green,False,480,120,Green,Green,1x1,,Able Sisters,Available from Able Sisters shop only,All Year,False,1.0.0,Simple,everyday; party; theatrical,False,SocksTexStandard1,6898,XbHAbJtk9itLL6dyw,True,False,2020-08-13
vivid socks,Red,False,480,120,Red,Red,1x1,,Able Sisters,Available from Able Sisters shop only,All Year,False,1.0.0,Simple,everyday; party; theatrical,False,SocksTexVividsocks0,9643,Rxro87k8H8TrwQXPd,True,False,2020-08-13
vivid socks,Light blue,False,480,120,Light blue,Light blue,1x1,,Able Sisters,Available from Able Sisters shop only,All Year,False,1.0.0,Simple,everyday; party; theatrical,False,SocksTexVividsocks2,10021,sFiwGiyfM7W228Rgj,True,False,2020-08-13
vivid socks,Blue,False,480,120,Blue,Blue,1x1,,Able Sisters,Available from Able Sisters shop only,All Year,False,1.0.0,Simple,everyday; party; theatrical,False,SocksTexVividsocks3,10022,XyvJ9o2uNuE5aD7cp,True,False,2020-08-13
vivid socks,Purple,False,480,120,Purple,Purple,1x1,,Able Sisters,Available from Able Sisters shop only,All Year,False,1.0.0,Simple,everyday; party; theatrical,False,SocksTexVividsocks4,10023,FnwWCqqFdcHhjk3oc,True,False,2020-08-13
vivid socks,Pink,False,480,120,Pink,Pink,1x1,,Able Sisters,Available from Able Sisters shop only,All Year,False,1.0.0,Simple,everyday; party; theatrical,False,SocksTexVividsocks5,10024,zyPHqnaxf97p8Eoi7,True,False,2020-08-13
vivid socks,Orange,False,480,120,Orange,Orange,1x1,,Able Sisters,Available from Able Sisters shop only,All Year,False,1.0.0,Simple,everyday; party; theatrical,False,SocksTexVividsocks6,10025,JEsGza6asSbSafpny,True,False,2020-08-13
vivid socks,Yellow,False,480,120,Yellow,Yellow,1x1,,Able Sisters,Available from Able Sisters shop only,All Year,False,1.0.0,Simple,everyday; party; theatrical,False,SocksTexVividsocks7,10026,TFPJBkLBn2W6qvHBg,True,False,2020-08-13
vivid tights,Light blue,False,720,180,Light blue,Light blue,1x1,,Able Sisters,Available from Able Sisters shop only,All Year,False,1.0.0,Simple,party; theatrical,False,SocksTexVividtights0,9582,yamdxgmHzN5NEB4FX,True,False,2020-08-13
vivid tights,Purple,False,720,180,Purple,Purple,1x1,,Able Sisters,Available from Able Sisters shop only,All Year,False,1.0.0,Simple,party; theatrical,False,SocksTexVividtights1,9687,BwdAj9CGve2HkyoD6,True,False,2020-08-13
vivid tights,Red,False,720,180,Red,Red,1x1,,Able Sisters,Available from Able Sisters shop only,All Year,False,1.0.0,Simple,party; theatrical,False,SocksTexVividtights2,9688,8jhmSZM88ZfjBfpGq,True,False,2020-08-13
vivid tights,Pink,False,720,180,Pink,Pink,1x1,,Able Sisters,Available from Able Sisters shop only,All Year,False,1.0.0,Simple,party; theatrical,False,SocksTexVividtights3,9689,sG3bNkRZwchoYdELC,True,False,2020-08-13
vivid tights,Blue,False,720,180,Blue,Blue,1x1,,Able Sisters,Available from Able Sisters shop only,All Year,False,1.0.0,Simple,party; theatrical,False,SocksTexVividtights4,9690,a5TeestnouHpJzfS5,True,False,2020-08-13
vivid tights,Yellow,False,720,180,Yellow,Yellow,1x1,,Able Sisters,Available from Able Sisters shop only,All Year,False,1.0.0,Simple,party; theatrical,False,SocksTexVividtights5,9691,aNew9qmcaiXhYs4TP,True,False,2020-08-13
vivid tights,Green,False,720,180,Green,Green,1x1,,Able Sisters,Available from Able Sisters shop only,All Year,False,1.0.0,Simple,party; theatrical,False,SocksTexVividtights6,9692,zJDaR6fzSJnk3fP6q,True,False,2020-08-13
vivid tights,Orange,False,720,180,Orange,Orange,1x1,,Able Sisters,Available from Able Sisters shop only,All Year,True,1.0.0,Simple,party; theatrical,False,SocksTexVividtights7,9693,yto8H9GL63QbRHstv,True,False,2020-08-13
wave-print socks,Blue,False,600,150,Blue,Light blue,1x1,,Kicks,,All Year,False,1.0.0,Cool,everyday,False,SocksTexWave0,5813,dH74WoutZotxbpzxx,True,False,2020-08-13
wave-print socks,Brown,False,600,150,Brown,Beige,1x1,,Kicks,,All Year,False,1.0.0,Cool,everyday,False,SocksTexWave1,9933,PL58yC9hm87C7NE4u,True,False,2020-08-13
wave-print socks,Purple,False,600,150,Purple,Pink,1x1,,Kicks,,All Year,False,1.0.0,Cool,everyday,False,SocksTexWave2,9934,Fodq95rD9FYWdxTWD,True,False,2020-08-13
wave-print socks,Green,False,600,150,Green,Green,1x1,,Kicks,,All Year,False,1.0.0,Cool,everyday,False,SocksTexWave3,9935,ivn7QK5oi2HAJjocA,True,False,2020-08-13
wave-print socks,Gray,False,600,150,Black,Gray,1x1,,Kicks,,All Year,False,1.0.0,Cool,everyday,False,SocksTexWave4,9936,pbQLWsjHhC4KZ9RrK,True,False,2020-08-13
