Name,Variation,Body Title,Pattern,Pattern Title,DIY,Body Customize,Pattern Customize,Kit Cost,Buy,Sell,Color 1,Color 2,Size,Source,Source Notes,Version,HHA Concept 1,HHA Concept 2,HHA Series,HHA Set,Interact,Tag,Outdoor,Speaker Type,Lighting Type,Filename,Variant ID,Internal ID,Unique Entry ID,Purchasable
recycled-can thumb piano,Unlabeled can,Can,,,True,True,False,2,,890,Gray,Yellow,1x1,Crafting,,1.0.0,concert,None,None,None,True,Musical Instrument,False,Does not play music,No lighting,FtrKalimbaCan_Remake_0_0,0_0,7045,FzWRJnXTDRYnJq4zp,False
recycled-can thumb piano,Canned olives,Can,,,True,True,False,2,,890,Yellow,Green,1x1,Crafting,,1.0.0,concert,None,None,None,True,Musical Instrument,False,Does not play music,No lighting,FtrKalimbaCan_Remake_1_0,1_0,7045,sqxnMQY63k6LBWiCE,False
recycled-can thumb piano,Canned fruit,Can,,,True,True,False,2,,890,Green,Orange,1x1,Crafting,,1.0.0,concert,None,None,None,True,Musical Instrument,False,Does not play music,No lighting,FtrKalimbaCan_Remake_2_0,2_0,7045,KZfc6miqbR5nHQzim,False
recycled-can thumb piano,Canned fish,Can,,,True,True,False,2,,890,Blue,Orange,1x1,Crafting,,1.0.0,concert,None,None,None,True,Musical Instrument,False,Does not play music,No lighting,FtrKalimbaCan_Remake_3_0,3_0,7045,DqMvow6KubLjpmy8w,False
recycled-can thumb piano,Canned pasta sauce,Can,,,True,True,False,2,,890,Red,Brown,1x1,Crafting,,1.0.0,concert,None,None,None,True,Musical Instrument,False,Does not play music,No lighting,FtrKalimbaCan_Remake_4_0,4_0,7045,Mw6N67LbYevur5Zkm,False
recycled-can thumb piano,Canned pet food,Can,,,True,True,False,2,,890,Black,Brown,1x1,Crafting,,1.0.0,concert,None,None,None,True,Musical Instrument,False,Does not play music,No lighting,FtrKalimbaCan_Remake_5_0,5_0,7045,rg2PrS7tEv8JqvXT2,False
red dragonfly model,,,,,False,False,False,,,540,Red,Red,1x1,Flick,Trade 3 insects to receive a model in the mail the next day,1.0.0,None,None,None,None,False,Insect,False,Does not play music,No lighting,FtrInsectAkiakaneToy,,7050,wTKbWiHWAPq6tENrB,False
red snapper model,,,,,False,False,False,,,9000,Red,Black,1x1,C.J.,Trade 3 fish to receive a model in the mail the next day,1.0.0,None,None,None,None,False,Fish,False,Does not play music,No lighting,FtrFishTaiToy,,7020,XtAztmk852DGEy2Lz,False
Reese & Cyrus photo plate,,,,,False,,,,400,100,Pink,Light blue,1x1,Wedding Season,,1.2.0,party,expensive,wedding,None,True,Seasonal Decor,False,Does not play music,No lighting,FtrWeddingDish,,12565,rXqcQJyqmHQENQHhN,False
revolving spice rack,Brown,,,,False,False,False,,1400,350,Beige,White,1x1,Nook's Cranny,Available in the re-buyable slot in Nook's Cranny,1.0.0,kitchen,shop,None,None,False,Kitchen Things,False,Does not play music,No lighting,FtrSeasoning_Remake_0_0,0_0,1125,QNjogE7yByhpm7CMb,True
revolving spice rack,Orange,,,,False,False,False,,1400,350,Orange,Colorful,1x1,Nook's Cranny,Available in the re-buyable slot in Nook's Cranny,1.0.0,kitchen,shop,None,None,False,Kitchen Things,False,Does not play music,No lighting,FtrSeasoning_Remake_1_0,1_0,1125,6MdWqHT3rg4Pm5Mp4,True
revolving spice rack,White,,,,False,False,False,,1400,350,White,Black,1x1,Nook's Cranny,Available in the re-buyable slot in Nook's Cranny,1.0.0,kitchen,shop,None,None,False,Kitchen Things,False,Does not play music,No lighting,FtrSeasoning_Remake_2_0,2_0,1125,yzP2WTbg8HdsqpKxY,True
ribbon eel model,,,,,False,False,False,,,1800,Blue,Black,1x1,C.J.,Trade 3 fish to receive a model in the mail the next day,1.0.0,None,None,None,None,False,Fish,False,Does not play music,No lighting,FtrFishHanahigeutuboToy,,6955,o9u9KmbtGLk5TbCaL,False
rice cooker,White,,,,False,False,False,,2500,625,White,Gray,1x1,Nook's Cranny,Available in the re-buyable slot in Nook's Cranny,1.0.0,kitchen,shop,None,None,True,Kitchen Things,False,Does not play music,No lighting,FtrRiceCooker_Remake_0_0,0_0,1888,aBrRxuKCzWmsYRcAT,True
rice cooker,Silver,,,,False,False,False,,2500,625,Gray,White,1x1,Nook's Cranny,Available in the re-buyable slot in Nook's Cranny,1.0.0,kitchen,shop,None,None,True,Kitchen Things,False,Does not play music,No lighting,FtrRiceCooker_Remake_1_0,1_0,1888,2QzQC5ynkrAd6oxCT,True
rice cooker,Brown,,,,False,False,False,,2500,625,Brown,Brown,1x1,Nook's Cranny,Available in the re-buyable slot in Nook's Cranny,1.0.0,kitchen,shop,None,None,True,Kitchen Things,False,Does not play music,No lighting,FtrRiceCooker_Remake_2_0,2_0,1888,ALtZoeFefk39FLjj3,True
rice cooker,Berry red,,,,False,False,False,,2500,625,Red,Red,1x1,Nook's Cranny,Available in the re-buyable slot in Nook's Cranny,1.0.0,kitchen,shop,None,None,True,Kitchen Things,False,Does not play music,No lighting,FtrRiceCooker_Remake_3_0,3_0,1888,x667AxEnemNmaoNSg,True
rice cooker,Black,,,,False,False,False,,2500,625,Black,Black,1x1,Nook's Cranny,Available in the re-buyable slot in Nook's Cranny,1.0.0,kitchen,shop,None,None,True,Kitchen Things,False,Does not play music,No lighting,FtrRiceCooker_Remake_4_0,4_0,1888,KtLtwNi4GnLx2SPaD,True
rice grasshopper model,,,,,False,False,False,,,1200,Green,Green,1x1,Flick,Trade 3 insects to receive a model in the mail the next day,1.0.0,None,None,None,None,False,Insect,False,Does not play music,No lighting,FtrInsectInagoToy,,7067,gXkAhZF22WrHKpuhD,False
ring,Red,,,,False,False,False,,69000,17250,Red,Light blue,1x1,Nook's Cranny,Available in Nook's Cranny (upgraded only); in the third unique furniture slot,1.0.0,expensive,fancy,None,None,True,Beauty,False,Does not play music,No lighting,FtrRing_Remake_0_0,0_0,1889,Lj8vhGiTqnCP46s2m,True
ring,Blue,,,,False,False,False,,69000,17250,Blue,Light blue,1x1,Nook's Cranny,Available in Nook's Cranny (upgraded only); in the third unique furniture slot,1.0.0,expensive,fancy,None,None,True,Beauty,False,Does not play music,No lighting,FtrRing_Remake_1_0,1_0,1889,dEfbxzBdgMXfErnS4,True
ring,Green,,,,False,False,False,,69000,17250,Green,Red,1x1,Nook's Cranny,Available in Nook's Cranny (upgraded only); in the third unique furniture slot,1.0.0,expensive,fancy,None,None,True,Beauty,False,Does not play music,No lighting,FtrRing_Remake_2_0,2_0,1889,KHkoK98PM9TXoTbnp,True
ring,White,,,,False,False,False,,69000,17250,White,Pink,1x1,Nook's Cranny,Available in Nook's Cranny (upgraded only); in the third unique furniture slot,1.0.0,expensive,fancy,None,None,True,Beauty,False,Does not play music,No lighting,FtrRing_Remake_3_0,3_0,1889,toWAW4caZJcwZFZCa,True
ring,Turquoise,,,,False,False,False,,69000,17250,Light blue,Yellow,1x1,Nook's Cranny,Available in Nook's Cranny (upgraded only); in the third unique furniture slot,1.0.0,expensive,fancy,None,None,True,Beauty,False,Does not play music,No lighting,FtrRing_Remake_4_0,4_0,1889,XrJFsFqxCJygQmKQW,True
ring,Brown,,,,False,False,False,,69000,17250,Brown,Green,1x1,Nook's Cranny,Available in Nook's Cranny (upgraded only); in the third unique furniture slot,1.0.0,expensive,fancy,None,None,True,Beauty,False,Does not play music,No lighting,FtrRing_Remake_5_0,5_0,1889,2PhSWN46paj4JnEjF,True
ring,Black,,,,False,False,False,,69000,17250,Black,Black,1x1,Nook's Cranny,Available in Nook's Cranny (upgraded only); in the third unique furniture slot,1.0.0,expensive,fancy,None,None,True,Beauty,False,Does not play music,No lighting,FtrRing_Remake_6_0,6_0,1889,ZHQbJE94Zb3YcgenL,True
ring,Pink,,,,False,False,False,,69000,17250,Pink,Light blue,1x1,Nook's Cranny,Available in Nook's Cranny (upgraded only); in the third unique furniture slot,1.0.0,expensive,fancy,None,None,True,Beauty,False,Does not play music,No lighting,FtrRing_Remake_7_0,7_0,1889,ZTy5gyKH827vE99so,True
ringtoss,Natural,Paint color,,,True,True,False,1,,480,Orange,Beige,1x1,Crafting,,1.0.0,child's room,fancy,None,None,False,Toy,False,Does not play music,No lighting,FtrQuoits_Remake_0_0,0_0,88,HMyfr4b764APpdwnG,False
ringtoss,Colorful,Paint color,,,True,True,False,1,,480,Red,Colorful,1x1,Crafting,,1.0.0,child's room,fancy,None,None,False,Toy,False,Does not play music,No lighting,FtrQuoits_Remake_1_0,1_0,88,MDKe3ZYciC76m2pf2,False
ringtoss,Pastel,Paint color,,,True,True,False,1,,480,Pink,Colorful,1x1,Crafting,,1.0.0,child's room,fancy,None,None,False,Toy,False,Does not play music,No lighting,FtrQuoits_Remake_2_0,2_0,88,N9Peih7Ag7uH6bg3s,False
ringtoss,Cool,Paint color,,,True,True,False,1,,480,Blue,Colorful,1x1,Crafting,,1.0.0,child's room,fancy,None,None,False,Toy,False,Does not play music,No lighting,FtrQuoits_Remake_3_0,3_0,88,FQsLPZxJxWE3Jdvr8,False
robust cicada model,,,,,False,False,False,,,900,Black,Black,1x1,Flick,Trade 3 insects to receive a model in the mail the next day,1.0.0,None,None,None,None,False,Insect,False,Does not play music,No lighting,FtrInsectMinminzemiToy,,7081,egP3fPDLWicgeKZfm,False
rosalia batesi beetle model,,,,,False,False,False,,,9000,Blue,Black,1x1,Flick,Trade 3 insects to receive a model in the mail the next day,1.0.0,None,None,None,None,False,Insect,False,Does not play music,No lighting,FtrInsectRuriboshikamikiriToy,,7119,EwBSMuKow4iwea9dP,False
rotary phone,Black,,,,False,False,False,,640,160,Black,Black,1x1,Nook's Cranny,Available in the re-buyable slot in Nook's Cranny,1.0.0,living room,None,None,None,False,Home Appliances,False,Does not play music,No lighting,FtrPhoneDial_Remake_0_0,0_0,4029,SqPvsHc3vT74k6Zye,True
rotary phone,White,,,,False,False,False,,640,160,Beige,Beige,1x1,Nook's Cranny,Available in the re-buyable slot in Nook's Cranny,1.0.0,living room,None,None,None,False,Home Appliances,False,Does not play music,No lighting,FtrPhoneDial_Remake_1_0,1_0,4029,zWYjYJoNGMer5hoJ4,True
rotary phone,Green,,,,False,False,False,,640,160,Green,Green,1x1,Nook's Cranny,Available in the re-buyable slot in Nook's Cranny,1.0.0,living room,None,None,None,False,Home Appliances,False,Does not play music,No lighting,FtrPhoneDial_Remake_2_0,2_0,4029,zfyFp3dyBAcB6yZ3m,True
rotary phone,Blue,,,,False,False,False,,640,160,Blue,Blue,1x1,Nook's Cranny,Available in the re-buyable slot in Nook's Cranny,1.0.0,living room,None,None,None,False,Home Appliances,False,Does not play music,No lighting,FtrPhoneDial_Remake_3_0,3_0,4029,2z4Bkuccw8TXiKQ7a,True
rotary phone,Red,,,,False,False,False,,640,160,Red,Red,1x1,Nook's Cranny,Available in the re-buyable slot in Nook's Cranny,1.0.0,living room,None,None,None,False,Home Appliances,False,Does not play music,No lighting,FtrPhoneDial_Remake_4_0,4_0,4029,ehfFFLywcCtSGg6GJ,True
rotary phone,Yellow,,,,False,False,False,,640,160,Yellow,Black,1x1,Nook's Cranny,Available in the re-buyable slot in Nook's Cranny,1.0.0,living room,None,None,None,False,Home Appliances,False,Does not play music,No lighting,FtrPhoneDial_Remake_5_0,5_0,4029,rzrN2z4kwtKR2MA8h,True
rotary phone,Orange,,,,False,False,False,,640,160,Orange,Black,1x1,Nook's Cranny,Available in the re-buyable slot in Nook's Cranny,1.0.0,living room,None,None,None,False,Home Appliances,False,Does not play music,No lighting,FtrPhoneDial_Remake_6_0,6_0,4029,o4FpX27w7Zz8on48w,True
rotary phone,Silver,,,,False,False,False,,640,160,White,White,1x1,Nook's Cranny,Available in the re-buyable slot in Nook's Cranny,1.0.0,living room,None,None,None,False,Home Appliances,False,Does not play music,No lighting,FtrPhoneDial_Remake_7_0,7_0,4029,mSfdka9cWfSX2fFRd,True
Rover's briefcase,,,,,False,False,False,,,2000,Brown,Colorful,1x1,Rover,Reward for solving May Day maze,1.2.0,living room,None,None,None,False,Space,False,Does not play music,No lighting,FtrTrunkXct,,12472,fAhYzNCTX7mhwzCBJ,False
saddled bichir model,,,,,False,False,False,,,12000,Brown,Black,1x1,C.J.,Trade 3 fish to receive a model in the mail the next day,1.0.0,None,None,None,None,False,Fish,False,Does not play music,No lighting,FtrFishEndorikeriiToy,,6950,FRXrTFCvrxsSZnCQ4,False
salmon model,,,,,False,False,False,,,2100,Brown,Black,1x1,C.J.,Trade 3 fish to receive a model in the mail the next day,1.0.0,None,None,None,None,False,Fish,False,Does not play music,No lighting,FtrFishSakeToy,,7012,m7hC7p7pwDGmrcBAr,False
saw shark model,,,,,False,False,False,,,36000,Brown,Black,1x1,C.J.,Trade 3 fish to receive a model in the mail the next day,1.0.0,None,None,None,None,False,Fish,False,Does not play music,No lighting,FtrFishNokogirizameToy,,7002,WKyAtYRKbxyuMGCDM,False
saw stag model,,,,,False,False,False,,,6000,Brown,Brown,1x1,Flick,Trade 3 insects to receive a model in the mail the next day,1.0.0,None,None,None,None,False,Insect,False,Does not play music,No lighting,FtrInsectNokogirikuwagataToy,,5922,E4eq8M8ofgLq3deYN,False
scarab beetle model,,,,,False,False,False,,,30000,Beige,Beige,1x1,Flick,Trade 3 insects to receive a model in the mail the next day,1.0.0,None,None,None,None,False,Insect,False,Does not play music,No lighting,FtrInsectPurachinakoganeToy,,5929,6WKBLEukLLigxXASE,False
Scorpio lamp,,,,,True,False,False,,,22125,Yellow,White,1x1,Crafting,,1.0.0,expensive,horror,stars,None,True,Lamp,False,Does not play music,Fluorescent,FtrZodiacScorpio,,5962,72LGzRSQCcWFYwgSL,False
scorpion model,,,,,False,False,False,,,24000,Black,Black,1x1,Flick,Trade 3 insects to receive a model in the mail the next day,1.0.0,None,None,None,None,False,Insect,False,Does not play music,No lighting,FtrInsectSasoriToy,,7094,TRkBzQfGRnmvC7zbC,False
sea bass model,,,,,False,False,False,,,1200,Gray,Black,1x1,C.J.,Trade 3 fish to receive a model in the mail the next day,1.0.0,None,None,None,None,False,Fish,False,Does not play music,No lighting,FtrFishSuzukiToy,,7018,FvvpLj7LjKrxQYCEi,False
sea butterfly model,,,,,False,False,False,,,3000,White,Black,1x1,C.J.,Trade 3 fish to receive a model in the mail the next day,1.0.0,None,None,None,None,False,Fish,False,Does not play music,No lighting,FtrFishKurioneToy,,6982,SD7xQy7snmfdq8uh4,False
sea globe,,,,,False,False,False,,1200,300,Light blue,Colorful,1x1,Nook's Cranny,Available in the re-buyable slot in Nook's Cranny,1.0.0,living room,ocean,None,None,True,Seasonal Decor,False,Does not play music,No lighting,FtrSeaglobe,,1124,2BErpQeXgiice8tbj,True
sea horse model,,,,,False,False,False,,,3300,Orange,Black,1x1,C.J.,Trade 3 fish to receive a model in the mail the next day,1.0.0,None,None,None,None,False,Fish,False,Does not play music,No lighting,FtrFishTatsunootoshigoToy,,7021,NiGantevTuqG7Zwqc,False
sewing machine,White,,,,False,False,False,,2100,525,White,Gray,1x1,Nook's Cranny,Available in the re-buyable slot in Nook's Cranny,1.0.0,living room,None,None,None,True,Sewing Table,False,Does not play music,No lighting,FtrSewingmachine_Remake_0_0,0_0,1128,h7tHfqMW6CL87MMTL,True
sewing machine,Blue,,,,False,False,False,,2100,525,Light blue,Blue,1x1,Nook's Cranny,Available in the re-buyable slot in Nook's Cranny,1.0.0,living room,None,None,None,True,Sewing Table,False,Does not play music,No lighting,FtrSewingmachine_Remake_1_0,1_0,1128,8sDGXXX6LndeJF7TN,True
sewing machine,Red,,,,False,False,False,,2100,525,Red,White,1x1,Nook's Cranny,Available in the re-buyable slot in Nook's Cranny,1.0.0,living room,None,None,None,True,Sewing Table,False,Does not play music,No lighting,FtrSewingmachine_Remake_2_0,2_0,1128,Lr5yD3QbySazywCC5,True
sewing machine,Pink,,,,False,False,False,,2100,525,Pink,White,1x1,Nook's Cranny,Available in the re-buyable slot in Nook's Cranny,1.0.0,living room,None,None,None,True,Sewing Table,False,Does not play music,No lighting,FtrSewingmachine_Remake_3_0,3_0,1128,zneo8NC4raCbPLkQa,True
sewing machine,Yellow,,,,False,False,False,,2100,525,Yellow,White,1x1,Nook's Cranny,Available in the re-buyable slot in Nook's Cranny,1.0.0,living room,None,None,None,True,Sewing Table,False,Does not play music,No lighting,FtrSewingmachine_Remake_4_0,4_0,1128,tPkCbXFkKhj2X4v6w,True
sewing machine,Green,,,,False,False,False,,2100,525,Green,White,1x1,Nook's Cranny,Available in the re-buyable slot in Nook's Cranny,1.0.0,living room,None,None,None,True,Sewing Table,False,Does not play music,No lighting,FtrSewingmachine_Remake_5_0,5_0,1128,A7jS5dRsjAWg6ihms,True
sewing machine,Black,,,,False,False,False,,2100,525,Black,Gray,1x1,Nook's Cranny,Available in the re-buyable slot in Nook's Cranny,1.0.0,living room,None,None,None,True,Sewing Table,False,Does not play music,No lighting,FtrSewingmachine_Remake_6_0,6_0,1128,3h6LsqkooHCrpY3jM,True
sewing project,Yellow,,,,False,False,False,,430,107,Yellow,Light blue,1x1,Nook's Cranny,Available in the re-buyable slot in Nook's Cranny,1.0.0,living room,None,None,None,False,Sewing Table,False,Does not play music,No lighting,FtrSewingset_Remake_0_0,0_0,3443,RuaTEuoASa4E4cbNn,True
sewing project,Green,,,,False,False,False,,430,107,Green,Yellow,1x1,Nook's Cranny,Available in the re-buyable slot in Nook's Cranny,1.0.0,living room,None,None,None,False,Sewing Table,False,Does not play music,No lighting,FtrSewingset_Remake_1_0,1_0,3443,LiPGswqv2Xen5SwxE,True
sewing project,Blue,,,,False,False,False,,430,107,Light blue,Blue,1x1,Nook's Cranny,Available in the re-buyable slot in Nook's Cranny,1.0.0,living room,None,None,None,False,Sewing Table,False,Does not play music,No lighting,FtrSewingset_Remake_2_0,2_0,3443,M4Ww9yMkaMDfJED4m,True
sewing project,Ivory,,,,False,False,False,,430,107,Yellow,Brown,1x1,Nook's Cranny,Available in the re-buyable slot in Nook's Cranny,1.0.0,living room,None,None,None,False,Sewing Table,False,Does not play music,No lighting,FtrSewingset_Remake_3_0,3_0,3443,HyjGebZL6Z2W2ccgX,True
sewing project,Pink,,,,False,False,False,,430,107,Pink,Light blue,1x1,Nook's Cranny,Available in the re-buyable slot in Nook's Cranny,1.0.0,living room,None,None,None,False,Sewing Table,False,Does not play music,No lighting,FtrSewingset_Remake_4_0,4_0,3443,2mwrDKj4Yckg3EY4y,True
sewing project,Black,,,,False,False,False,,430,107,Black,White,1x1,Nook's Cranny,Available in the re-buyable slot in Nook's Cranny,1.0.0,living room,None,None,None,False,Sewing Table,False,Does not play music,No lighting,FtrSewingset_Remake_5_0,5_0,3443,2MENjhvZ6zAAESh2t,True
shaved-ice maker,Green,,,,False,False,False,,1400,350,Light blue,Blue,1x1,Nook's Cranny,Available in the re-buyable slot in Nook's Cranny,1.0.0,kitchen,ocean,None,None,True,Kitchen Things,False,Does not play music,No lighting,FtrIcemachine_Remake_0_0,0_0,667,vtu6jaNpNK6EjYNit,True
shaved-ice maker,Silver,,,,False,False,False,,1400,350,Light blue,Blue,1x1,Nook's Cranny,Available in the re-buyable slot in Nook's Cranny,1.0.0,kitchen,ocean,None,None,True,Kitchen Things,False,Does not play music,No lighting,FtrIcemachine_Remake_1_0,1_0,667,mLm7sFe5iRRtepMPG,True
shell lamp,White,Shell color,,,True,True,False,6,,4200,White,White,1x1,Crafting,,1.0.0,ocean,None,shell,None,True,Lamp,True,Does not play music,Fluorescent,FtrShellLamp_Remake_0_0,0_0,3984,TrXvC2mL2HTohjKT2,False
shell lamp,Brown,Shell color,,,True,True,False,6,,4200,Brown,Brown,1x1,Crafting,,1.0.0,ocean,None,shell,None,True,Lamp,True,Does not play music,Fluorescent,FtrShellLamp_Remake_1_0,1_0,3984,MJDvFBwqgqTL4j7Qb,False
shell lamp,Pink,Shell color,,,True,True,False,6,,4200,Pink,Pink,1x1,Crafting,,1.0.0,ocean,None,shell,None,True,Lamp,True,Does not play music,Fluorescent,FtrShellLamp_Remake_2_0,2_0,3984,c4SAw3tkxjFevZrGP,False
shell lamp,Yellow,Shell color,,,True,True,False,6,,4200,Yellow,Yellow,1x1,Crafting,,1.0.0,ocean,None,shell,None,True,Lamp,True,Does not play music,Fluorescent,FtrShellLamp_Remake_3_0,3_0,3984,7AW3f3YBNGRoNhd7j,False
shell lamp,Purple,Shell color,,,True,True,False,6,,4200,Purple,Purple,1x1,Crafting,,1.0.0,ocean,None,shell,None,True,Lamp,True,Does not play music,Fluorescent,FtrShellLamp_Remake_4_0,4_0,3984,XbBmTWsGYhA49MpEq,False
shell lamp,Pearl,Shell color,,,True,True,False,6,,4200,White,White,1x1,Crafting,,1.0.0,ocean,None,shell,None,True,Lamp,True,Does not play music,Fluorescent,FtrShellLamp_Remake_5_0,5_0,3984,WoG7A5jFPZT6gJcuz,False
shell speaker,White,Shell color,,,True,True,False,7,,5700,White,White,1x1,Crafting,,1.0.0,ocean,None,shell,None,True,Audio,True,Cheap,No lighting,FtrShellMusic_Remake_0_0,0_0,5150,6D98fcpxBpqCYvnbY,False
shell speaker,Brown,Shell color,,,True,True,False,7,,5700,Brown,Brown,1x1,Crafting,,1.0.0,ocean,None,shell,None,True,Audio,True,Cheap,No lighting,FtrShellMusic_Remake_1_0,1_0,5150,DoERDh5zqQyAbyQft,False
shell speaker,Pink,Shell color,,,True,True,False,7,,5700,Pink,Pink,1x1,Crafting,,1.0.0,ocean,None,shell,None,True,Audio,True,Cheap,No lighting,FtrShellMusic_Remake_2_0,2_0,5150,DuoxEsD2dnHtbnKYX,False
shell speaker,Yellow,Shell color,,,True,True,False,7,,5700,Yellow,Yellow,1x1,Crafting,,1.0.0,ocean,None,shell,None,True,Audio,True,Cheap,No lighting,FtrShellMusic_Remake_3_0,3_0,5150,AYuRYTsGrfjwQuRgY,False
shell speaker,Purple,Shell color,,,True,True,False,7,,5700,Purple,Purple,1x1,Crafting,,1.0.0,ocean,None,shell,None,True,Audio,True,Cheap,No lighting,FtrShellMusic_Remake_4_0,4_0,5150,yDheuEiXvuyYZ8WXB,False
shell speaker,Pearl,Shell color,,,True,True,False,7,,5700,White,White,1x1,Crafting,,1.0.0,ocean,None,shell,None,True,Audio,True,Cheap,No lighting,FtrShellMusic_Remake_5_0,5_0,5150,Z7mY5xkr8Yiwe8efm,False
silver bug trophy,,,,,False,False,False,,,425,Gray,Brown,1x1,Bug-Off,,1.0.0,expensive,None,None,None,False,Museum,False,Does not play music,No lighting,FtrTrophyInsectSilver,,1204,o3ay8t2xPihtRZB9k,False
silver fish trophy,,,,,False,False,False,,,425,Gray,Brown,1x1,Fishing Tourney,,1.0.0,expensive,None,None,None,False,Museum,False,Does not play music,No lighting,FtrTrophyFishSilver,,1201,e9xcMKLek5GDNFT8e,False
silver HHA trophy,,,,,False,False,False,,,425,Gray,Brown,1x1,HHA,,1.0.0,expensive,None,None,None,False,Museum,False,Does not play music,No lighting,FtrTrophyHhaSilver,,7100,qMCEizQuZhTJyEmg8,False
simple kettle,Red,,,,False,False,False,,1300,325,Red,Orange,1x1,Nook's Cranny,Available in the re-buyable slot in Nook's Cranny,1.0.0,kitchen,shop,None,None,False,Kitchen Things,False,Does not play music,No lighting,FtrKettle_Remake_0_0,0_0,1845,6ThF9KvRpEi8DQYMv,True
simple kettle,Yellow,,,,False,False,False,,1300,325,Yellow,Orange,1x1,Nook's Cranny,Available in the re-buyable slot in Nook's Cranny,1.0.0,kitchen,shop,None,None,False,Kitchen Things,False,Does not play music,No lighting,FtrKettle_Remake_1_0,1_0,1845,8cm4nPnyRBqSx2LHu,True
simple kettle,Green,,,,False,False,False,,1300,325,Green,Orange,1x1,Nook's Cranny,Available in the re-buyable slot in Nook's Cranny,1.0.0,kitchen,shop,None,None,False,Kitchen Things,False,Does not play music,No lighting,FtrKettle_Remake_2_0,2_0,1845,ea5wukwHqNS5d4SS6,True
simple kettle,Blue,,,,False,False,False,,1300,325,Light blue,Brown,1x1,Nook's Cranny,Available in the re-buyable slot in Nook's Cranny,1.0.0,kitchen,shop,None,None,False,Kitchen Things,False,Does not play music,No lighting,FtrKettle_Remake_3_0,3_0,1845,SPggGudetGpfqhZQZ,True
simple kettle,Black,,,,False,False,False,,1300,325,Black,Brown,1x1,Nook's Cranny,Available in the re-buyable slot in Nook's Cranny,1.0.0,kitchen,shop,None,None,False,Kitchen Things,False,Does not play music,No lighting,FtrKettle_Remake_4_0,4_0,1845,AidhxCbjxSfThvMkD,True
simple kettle,Navy blue,,,,False,False,False,,1300,325,Blue,Brown,1x1,Nook's Cranny,Available in the re-buyable slot in Nook's Cranny,1.0.0,kitchen,shop,None,None,False,Kitchen Things,False,Does not play music,No lighting,FtrKettle_Remake_5_0,5_0,1845,QgBGgXjTzqTQEwQQT,True
simple kettle,White,,,,False,False,False,,1300,325,White,Red,1x1,Nook's Cranny,Available in the re-buyable slot in Nook's Cranny,1.0.0,kitchen,shop,None,None,False,Kitchen Things,False,Does not play music,No lighting,FtrKettle_Remake_6_0,6_0,1845,DH6M4riNCexGcMs8y,True
snail model,,,,,False,False,False,,,750,Beige,Beige,1x1,Flick,Trade 3 insects to receive a model in the mail the next day,1.0.0,None,None,None,None,False,Insect,False,Does not play music,No lighting,FtrInsectKatatsumuriToy,,7072,7sokY9bvEqzsQk8do,False
snapping turtle model,,,,,False,False,False,,,15000,Brown,Black,1x1,C.J.,Trade 3 fish to receive a model in the mail the next day,1.0.0,None,None,None,None,False,Fish,False,Does not play music,No lighting,FtrFishKamitsukigameToy,,6964,pt4k79sHKc6vkQH9C,False
snow globe,,,,,False,False,False,,1300,325,White,Colorful,1x1,Nook's Cranny,Available in the re-buyable slot in Nook's Cranny,1.0.0,living room,freezing cold,None,None,True,Seasonal Decor,False,Does not play music,No lighting,FtrSnowglobe,,1145,R9mRJt4N8eRuFrWAb,True
soft-shelled turtle model,,,,,False,False,False,,,11250,Green,Black,1x1,C.J.,Trade 3 fish to receive a model in the mail the next day,1.0.0,None,None,None,None,False,Fish,False,Does not play music,No lighting,FtrFishSupponToy,,7017,QRh8R2Ng78CirFKoc,False
soup kettle,Corn soup,,,,False,False,False,,3300,825,Yellow,Black,1x1,Nook's Cranny,Available in the re-buyable slot in Nook's Cranny,1.0.0,kitchen,shop,None,None,False,Kitchen Things,False,Does not play music,No lighting,FtrSoupjar_Remake_0_0,0_0,3619,XQRKp8K4GbweLyPBf,True
soup kettle,Cream stew,,,,False,False,False,,3300,825,White,Black,1x1,Nook's Cranny,Available in the re-buyable slot in Nook's Cranny,1.0.0,kitchen,shop,None,None,False,Kitchen Things,False,Does not play music,No lighting,FtrSoupjar_Remake_1_0,1_0,3619,ESWx4iSKABLJZo7yg,True
soup kettle,Curry,,,,False,False,False,,3300,825,Brown,Black,1x1,Nook's Cranny,Available in the re-buyable slot in Nook's Cranny,1.0.0,kitchen,shop,None,None,False,Kitchen Things,False,Does not play music,No lighting,FtrSoupjar_Remake_2_0,2_0,3619,3C8Amw4njjHD6gBP7,True
soup kettle,Minestrone,,,,False,False,False,,3300,825,Orange,Black,1x1,Nook's Cranny,Available in the re-buyable slot in Nook's Cranny,1.0.0,kitchen,shop,None,None,False,Kitchen Things,False,Does not play music,No lighting,FtrSoupjar_Remake_3_0,3_0,3619,uN2r2ezxByz3csK3F,True
soup kettle,Borscht,,,,False,False,False,,3300,825,Red,Black,1x1,Nook's Cranny,Available in the re-buyable slot in Nook's Cranny,1.0.0,kitchen,shop,None,None,False,Kitchen Things,False,Does not play music,No lighting,FtrSoupjar_Remake_4_0,4_0,3619,6riMmCcDYWPHdkcuf,True
soup kettle,Green curry,,,,False,False,False,,3300,825,Green,Black,1x1,Nook's Cranny,Available in the re-buyable slot in Nook's Cranny,1.0.0,kitchen,shop,None,None,False,Kitchen Things,False,Does not play music,No lighting,FtrSoupjar_Remake_5_0,5_0,3619,biDEeNhL5GnDyEDcv,True
soup kettle,Hot-and-sour soup,,,,False,False,False,,3300,825,Orange,Black,1x1,Nook's Cranny,Available in the re-buyable slot in Nook's Cranny,1.0.0,kitchen,shop,None,None,False,Kitchen Things,False,Does not play music,No lighting,FtrSoupjar_Remake_6_0,6_0,3619,MseGPwTTZGWBzYEAQ,True
soup kettle,Congee,,,,False,False,False,,3300,825,White,Black,1x1,Nook's Cranny,Available in the re-buyable slot in Nook's Cranny,1.0.0,kitchen,shop,None,None,False,Kitchen Things,False,Does not play music,No lighting,FtrSoupjar_Remake_7_0,7_0,3619,awPCfMq3opt2H7D3K,True
spider model,,,,,False,False,False,,,1800,Black,Yellow,1x1,Flick,Trade 3 insects to receive a model in the mail the next day,1.0.0,None,None,None,None,False,Insect,False,Does not play music,No lighting,FtrInsectKumoToy,,7079,Emqtopq9uB9CE2jGF,False
squid model,,,,,False,False,False,,,1500,Beige,Black,1x1,C.J.,Trade 3 fish to receive a model in the mail the next day,1.0.0,None,None,None,None,False,Fish,False,Does not play music,No lighting,FtrFishIkaToy,,6958,rMARsh77AysozogJr,False
stack of books,Literature,Genre,,,True,True,False,1,,725,Colorful,White,1x1,Crafting,,1.0.0,den,living room,None,None,False,Study,False,Does not play music,No lighting,FtrBooks_Remake_0_0,0_0,1759,nfxH8g2g6aAK82zXb,False
stack of books,Comics,Genre,,,True,True,False,1,,725,Colorful,White,1x1,Crafting,,1.0.0,den,living room,None,None,False,Study,False,Does not play music,No lighting,FtrBooks_Remake_1_0,1_0,1759,6LCXdTqKw6upEfTxg,False
stack of books,Reference,Genre,,,True,True,False,1,,725,Colorful,White,1x1,Crafting,,1.0.0,den,living room,None,None,False,Study,False,Does not play music,No lighting,FtrBooks_Remake_2_0,2_0,1759,DzDzr9AhLfNeZwEnL,False
stack of books,Old,Genre,,,True,True,False,1,,725,Beige,Yellow,1x1,Crafting,,1.0.0,den,living room,None,None,False,Study,False,Does not play music,No lighting,FtrBooks_Remake_3_0,3_0,1759,w2yxQvSwFMmDTCJbj,False
stacked magazines,,,Gardening,Covers,True,False,True,2,,630,Colorful,Green,1x1,Crafting,,1.0.0,garage,child's room,None,None,False,Study,False,Does not play music,No lighting,FtrMagagine_Remake_0_0,0_0,1861,Bx2dLKff8EsLDGJD2,False
stacked magazines,,,Travel,Covers,True,False,True,2,,630,Colorful,Red,1x1,Crafting,,1.0.0,garage,child's room,None,None,False,Study,False,Does not play music,No lighting,FtrMagagine_Remake_0_1,0_1,1861,hkdbRZWw2n4CTiZqW,False
stacked magazines,,,Fashion,Covers,True,False,True,2,,630,Colorful,Gray,1x1,Crafting,,1.0.0,garage,child's room,None,None,False,Study,False,Does not play music,No lighting,FtrMagagine_Remake_0_2,0_2,1861,9inJanBbxvG9HjmWL,False
stacked magazines,,,Sports,Covers,True,False,True,2,,630,Colorful,Colorful,1x1,Crafting,,1.0.0,garage,child's room,None,None,False,Study,False,Does not play music,No lighting,FtrMagagine_Remake_0_3,0_3,1861,vLT5S3gFS4YMjQmTC,False
stacked magazines,,,Comics,Covers,True,False,True,2,,630,Colorful,Colorful,1x1,Crafting,,1.0.0,garage,child's room,None,None,False,Study,False,Does not play music,No lighting,FtrMagagine_Remake_0_4,0_4,1861,nEjkQW45qqzJQEDSh,False
stacked magazines,,,Kids,Covers,True,False,True,2,,630,Colorful,Pink,1x1,Crafting,,1.0.0,garage,child's room,None,None,False,Study,False,Does not play music,No lighting,FtrMagagine_Remake_0_5,0_5,1861,j32nXDx6Z6Ke9peCM,False
stacked magazines,,,Weekly news,Covers,True,False,True,2,,630,Colorful,Colorful,1x1,Crafting,,1.0.0,garage,child's room,None,None,False,Study,False,Does not play music,No lighting,FtrMagagine_Remake_0_6,0_6,1861,TJ3ZSDCvjpimL2Esm,False
stand mixer,Gray,,,,False,False,False,,1400,350,Gray,Black,1x1,Nook's Cranny,Available in the re-buyable slot in Nook's Cranny,1.0.0,kitchen,shop,None,None,True,Kitchen Things,False,Does not play music,No lighting,FtrStandmixer_Remake_0_0,0_0,4019,3fYtaGL6LWMHoXcpL,True
stand mixer,Red,,,,False,False,False,,1400,350,Red,Black,1x1,Nook's Cranny,Available in the re-buyable slot in Nook's Cranny,1.0.0,kitchen,shop,None,None,True,Kitchen Things,False,Does not play music,No lighting,FtrStandmixer_Remake_1_0,1_0,4019,WFt5c3PKBxxkbiybu,True
stand mixer,Pink,,,,False,False,False,,1400,350,Pink,Black,1x1,Nook's Cranny,Available in the re-buyable slot in Nook's Cranny,1.0.0,kitchen,shop,None,None,True,Kitchen Things,False,Does not play music,No lighting,FtrStandmixer_Remake_2_0,2_0,4019,cqgkgwPPL7Ktwci4r,True
stand mixer,Light blue,,,,False,False,False,,1400,350,Light blue,Black,1x1,Nook's Cranny,Available in the re-buyable slot in Nook's Cranny,1.0.0,kitchen,shop,None,None,True,Kitchen Things,False,Does not play music,No lighting,FtrStandmixer_Remake_3_0,3_0,4019,X2RfeK45afck2tHsP,True
stand mixer,Yellow,,,,False,False,False,,1400,350,Yellow,Black,1x1,Nook's Cranny,Available in the re-buyable slot in Nook's Cranny,1.0.0,kitchen,shop,None,None,True,Kitchen Things,False,Does not play music,No lighting,FtrStandmixer_Remake_4_0,4_0,4019,283hb2AkWpgduyxE9,True
stand mixer,Black,,,,False,False,False,,1400,350,Black,Black,1x1,Nook's Cranny,Available in the re-buyable slot in Nook's Cranny,1.0.0,kitchen,shop,None,None,True,Kitchen Things,False,Does not play music,No lighting,FtrStandmixer_Remake_5_0,5_0,4019,FNxhgtMKjQRGeZvEY,True
star clock,Yellow,Color,,,True,True,False,3,,2250,Yellow,Yellow,1x1,Crafting,,1.0.0,space,fancy,stars,None,True,Clock,False,Does not play music,Fluorescent,FtrStarClock_Remake_0_0,0_0,7253,awi53fT5dS9coq24J,False
star clock,Green,Color,,,True,True,False,3,,2250,Green,Green,1x1,Crafting,,1.0.0,space,fancy,stars,None,True,Clock,False,Does not play music,Fluorescent,FtrStarClock_Remake_1_0,1_0,7253,THvrGkA3HvEnu2pPo,False
star clock,Blue,Color,,,True,True,False,3,,2250,Light blue,Light blue,1x1,Crafting,,1.0.0,space,fancy,stars,None,True,Clock,False,Does not play music,Fluorescent,FtrStarClock_Remake_2_0,2_0,7253,Z6FQaHcgRgTMtQMaa,False
star clock,Purple,Color,,,True,True,False,3,,2250,Purple,Purple,1x1,Crafting,,1.0.0,space,fancy,stars,None,True,Clock,False,Does not play music,Fluorescent,FtrStarClock_Remake_3_0,3_0,7253,A9Ctcgrn56AWGo5rF,False
star clock,Pink,Color,,,True,True,False,3,,2250,Pink,Pink,1x1,Crafting,,1.0.0,space,fancy,stars,None,True,Clock,False,Does not play music,Fluorescent,FtrStarClock_Remake_4_0,4_0,7253,8CvZoLfcKFEuv6Djz,False
star clock,Orange,Color,,,True,True,False,3,,2250,Orange,Orange,1x1,Crafting,,1.0.0,space,fancy,stars,None,True,Clock,False,Does not play music,Fluorescent,FtrStarClock_Remake_5_0,5_0,7253,LaZMHcqkGmWZMf4yP,False
star clock,White,Color,,,True,True,False,3,,2250,White,White,1x1,Crafting,,1.0.0,space,fancy,stars,None,True,Clock,False,Does not play music,Fluorescent,FtrStarClock_Remake_6_0,6_0,7253,kAM68SanGo4jJFdd6,False
steamer-basket set,,,,,True,False,False,,,2400,Beige,Beige,1x1,Crafting,,1.0.0,zen-style,shop,None,None,False,Kitchen Things,False,Does not play music,No lighting,FtrBasketsteamer,,3344,QB47a7FhZkWF8JFzZ,False
stinkbug model,,,,,False,False,False,,,360,Green,Green,1x1,Flick,Trade 3 insects to receive a model in the mail the next day,1.0.0,None,None,None,None,False,Insect,False,Does not play music,No lighting,FtrInsectKamemushiToy,,7069,t63apdomFR5gXBwsX,False
stovetop espresso maker,Silver,,,,False,False,False,,1700,425,Gray,Black,1x1,Nook's Cranny,Available in the re-buyable slot in Nook's Cranny,1.0.0,kitchen,shop,None,None,False,Kitchen Things,False,Does not play music,No lighting,FtrEspressomaker_Remake_0_0,0_0,8297,wr2NPpAn7ZxpTChBE,True
stovetop espresso maker,Black,,,,False,False,False,,1700,425,Black,Gray,1x1,Nook's Cranny,Available in the re-buyable slot in Nook's Cranny,1.0.0,kitchen,shop,None,None,False,Kitchen Things,False,Does not play music,No lighting,FtrEspressomaker_Remake_1_0,1_0,8297,BTcjoEbTRPPLAdu6c,True
stovetop espresso maker,Red,,,,False,False,False,,1700,425,Red,Black,1x1,Nook's Cranny,Available in the re-buyable slot in Nook's Cranny,1.0.0,kitchen,shop,None,None,False,Kitchen Things,False,Does not play music,No lighting,FtrEspressomaker_Remake_2_0,2_0,8297,wAruLF3uYs7GfDPXm,True
stringfish model,,,,,False,False,False,,,45000,Brown,Black,1x1,C.J.,Trade 3 fish to receive a model in the mail the next day,1.0.0,None,None,None,None,False,Fish,False,Does not play music,No lighting,FtrFishItouToy,,6960,CpfFSRcdwg8emdXAE,False
sturdy sewing box,Natural,,,,False,False,False,,1000,250,Beige,Orange,1x1,Nook's Cranny,Available in the re-buyable slot in Nook's Cranny,1.0.0,living room,None,None,None,True,Sewing Table,False,Does not play music,No lighting,FtrSewingbox_Remake_0_0,0_0,3442,4PiBBzgPPSrZrZPyp,True
sturdy sewing box,Brown,,,,False,False,False,,1000,250,Orange,Brown,1x1,Nook's Cranny,Available in the re-buyable slot in Nook's Cranny,1.0.0,living room,None,None,None,True,Sewing Table,False,Does not play music,No lighting,FtrSewingbox_Remake_1_0,1_0,3442,4aWued4WNk39Xgs7E,True
sturdy sewing box,Dark brown,,,,False,False,False,,1000,250,Brown,Orange,1x1,Nook's Cranny,Available in the re-buyable slot in Nook's Cranny,1.0.0,living room,None,None,None,True,Sewing Table,False,Does not play music,No lighting,FtrSewingbox_Remake_2_0,2_0,3442,bzkYf2qJAstefiLJG,True
sturdy sewing box,White,,,,False,False,False,,1000,250,White,Red,1x1,Nook's Cranny,Available in the re-buyable slot in Nook's Cranny,1.0.0,living room,None,None,None,True,Sewing Table,False,Does not play music,No lighting,FtrSewingbox_Remake_3_0,3_0,3442,yXLjX4Py8dAhg6YM7,True
sturdy sewing box,Navy blue,,,,False,False,False,,1000,250,Blue,White,1x1,Nook's Cranny,Available in the re-buyable slot in Nook's Cranny,1.0.0,living room,None,None,None,True,Sewing Table,False,Does not play music,No lighting,FtrSewingbox_Remake_4_0,4_0,3442,bc4GcnYNsxbAFe4dk,True
sturdy sewing box,Black,,,,False,False,False,,1000,250,Black,Black,1x1,Nook's Cranny,Available in the re-buyable slot in Nook's Cranny,1.0.0,living room,None,None,None,True,Sewing Table,False,Does not play music,No lighting,FtrSewingbox_Remake_5_0,5_0,3442,dQHqyiK4tNvLtDsZ3,True
sturgeon model,,,,,False,False,False,,,30000,Black,Black,1x1,C.J.,Trade 3 fish to receive a model in the mail the next day,1.0.0,None,None,None,None,False,Fish,False,Does not play music,No lighting,FtrFishTyouzameToy,,7023,YxWtdhyqG2wdodcwW,False
succulent plant,,,,,True,False,False,,,220,Colorful,Gray,1x1,Crafting,,1.0.0,living room,None,None,None,False,Plants,False,Does not play music,No lighting,FtrPlantSucculents,,132,X9p2qvcXwce7Ad9Ck,False
suckerfish model,,,,,False,False,False,,,4500,Black,Black,1x1,C.J.,Trade 3 fish to receive a model in the mail the next day,1.0.0,None,None,None,None,False,Fish,False,Does not play music,No lighting,FtrFishKobanzameToy,,6979,zBvsPDTHHCSAgcN3R,False
surgeonfish model,,,,,False,False,False,,,3000,Blue,Black,1x1,C.J.,Trade 3 fish to receive a model in the mail the next day,1.0.0,None,None,None,None,False,Fish,False,Does not play music,No lighting,FtrFishNanyouhagiToy,,6988,7yHN3frmGw3prZe2q,False
sweetfish model,,,,,False,False,False,,,2700,Green,Black,1x1,C.J.,Trade 3 fish to receive a model in the mail the next day,1.0.0,None,None,None,None,False,Fish,False,Does not play music,No lighting,FtrFishAyuToy,,6936,E6kD8AtANK4cooXL7,False
table lamp,,,White,Lampshade,False,False,True,1,1100,275,Beige,White,1x1,Nook's Cranny,Available in the re-buyable slot in Nook's Cranny,1.0.0,den,child's room,None,None,True,Lamp,False,Does not play music,Fluorescent,FtrLampDesk_Remake_0_0,0_0,4069,eqYBYuDovjWrwygke,True
table lamp,,,Black,Lampshade,False,False,True,1,1100,275,Beige,Black,1x1,Nook's Cranny,Available in the re-buyable slot in Nook's Cranny,1.0.0,den,child's room,None,None,True,Lamp,False,Does not play music,Fluorescent,FtrLampDesk_Remake_0_1,0_1,4069,v5QsRAPb3hbHp5FSY,True
table lamp,,,Red flowers,Lampshade,False,False,True,1,1100,275,Beige,Red,1x1,Nook's Cranny,Available in the re-buyable slot in Nook's Cranny,1.0.0,den,child's room,None,None,True,Lamp,False,Does not play music,Fluorescent,FtrLampDesk_Remake_0_2,0_2,4069,WxBffG2QMMSqHXQW7,True
table lamp,,,Blue flowers,Lampshade,False,False,True,1,1100,275,Beige,Blue,1x1,Nook's Cranny,Available in the re-buyable slot in Nook's Cranny,1.0.0,den,child's room,None,None,True,Lamp,False,Does not play music,Fluorescent,FtrLampDesk_Remake_0_3,0_3,4069,9tPGkJGmBBwuEnu6F,True
table lamp,,,Green flowers,Lampshade,False,False,True,1,1100,275,Beige,Green,1x1,Nook's Cranny,Available in the re-buyable slot in Nook's Cranny,1.0.0,den,child's room,None,None,True,Lamp,False,Does not play music,Fluorescent,FtrLampDesk_Remake_0_4,0_4,4069,RfLAsuC7hf4HD8HFY,True
table lamp,,,Yellow flowers,Lampshade,False,False,True,1,1100,275,Beige,Yellow,1x1,Nook's Cranny,Available in the re-buyable slot in Nook's Cranny,1.0.0,den,child's room,None,None,True,Lamp,False,Does not play music,Fluorescent,FtrLampDesk_Remake_0_5,0_5,4069,zisxuN2mKpMfnihHy,True
table lamp,,,Pink flowers,Lampshade,False,False,True,1,1100,275,Beige,Pink,1x1,Nook's Cranny,Available in the re-buyable slot in Nook's Cranny,1.0.0,den,child's room,None,None,True,Lamp,False,Does not play music,Fluorescent,FtrLampDesk_Remake_0_6,0_6,4069,Sgyv4zaEsuiMfDo7N,True
table setting,White,,White,Placemat,False,False,True,1,720,180,White,Beige,1x1,Nook's Cranny,Available in Nook's Cranny (upgraded only); in the unique furniture slot,1.0.0,shop,expensive,None,None,False,Dining,False,Does not play music,No lighting,FtrTablesetting_Remake_0_0,0_0,4068,FnxQWcFAj53C9nfYE,True
table setting,White,,Navy blue,Placemat,False,False,True,1,720,180,White,Blue,1x1,Nook's Cranny,Available in Nook's Cranny (upgraded only); in the unique furniture slot,1.0.0,shop,expensive,None,None,False,Dining,False,Does not play music,No lighting,FtrTablesetting_Remake_0_1,0_1,4068,FEvpwF6YsAxR9ZfCg,True
table setting,White,,Pink,Placemat,False,False,True,1,720,180,White,Pink,1x1,Nook's Cranny,Available in Nook's Cranny (upgraded only); in the unique furniture slot,1.0.0,shop,expensive,None,None,False,Dining,False,Does not play music,No lighting,FtrTablesetting_Remake_0_2,0_2,4068,scHZ23CuDBd6v7Kmj,True
table setting,White,,Orange,Placemat,False,False,True,1,720,180,White,Yellow,1x1,Nook's Cranny,Available in Nook's Cranny (upgraded only); in the unique furniture slot,1.0.0,shop,expensive,None,None,False,Dining,False,Does not play music,No lighting,FtrTablesetting_Remake_0_3,0_3,4068,iALvRiYjPwpygrME8,True
table setting,White,,Green,Placemat,False,False,True,1,720,180,White,Green,1x1,Nook's Cranny,Available in Nook's Cranny (upgraded only); in the unique furniture slot,1.0.0,shop,expensive,None,None,False,Dining,False,Does not play music,No lighting,FtrTablesetting_Remake_0_4,0_4,4068,FEp5mKLe2Ep2Yz3Co,True
table setting,Pink,,White,Placemat,False,False,True,1,720,180,Pink,Beige,1x1,Nook's Cranny,Available in Nook's Cranny (upgraded only); in the unique furniture slot,1.0.0,shop,expensive,None,None,False,Dining,False,Does not play music,No lighting,FtrTablesetting_Remake_1_0,1_0,4068,ACB2XAWMjkvPPhm8P,True
table setting,Pink,,Navy blue,Placemat,False,False,True,1,720,180,Pink,Blue,1x1,Nook's Cranny,Available in Nook's Cranny (upgraded only); in the unique furniture slot,1.0.0,shop,expensive,None,None,False,Dining,False,Does not play music,No lighting,FtrTablesetting_Remake_1_1,1_1,4068,RBES5HQE8Mf5EbnWx,True
table setting,Pink,,Pink,Placemat,False,False,True,1,720,180,Pink,Pink,1x1,Nook's Cranny,Available in Nook's Cranny (upgraded only); in the unique furniture slot,1.0.0,shop,expensive,None,None,False,Dining,False,Does not play music,No lighting,FtrTablesetting_Remake_1_2,1_2,4068,a62PNpXL6j9xKR88s,True
table setting,Pink,,Orange,Placemat,False,False,True,1,720,180,Pink,Yellow,1x1,Nook's Cranny,Available in Nook's Cranny (upgraded only); in the unique furniture slot,1.0.0,shop,expensive,None,None,False,Dining,False,Does not play music,No lighting,FtrTablesetting_Remake_1_3,1_3,4068,X8PGJGs9LG2fcxZht,True
table setting,Pink,,Green,Placemat,False,False,True,1,720,180,Pink,Green,1x1,Nook's Cranny,Available in Nook's Cranny (upgraded only); in the unique furniture slot,1.0.0,shop,expensive,None,None,False,Dining,False,Does not play music,No lighting,FtrTablesetting_Remake_1_4,1_4,4068,wQZR8wsdQftrQ9fBN,True
table setting,Yellow,,White,Placemat,False,False,True,1,720,180,Yellow,Beige,1x1,Nook's Cranny,Available in Nook's Cranny (upgraded only); in the unique furniture slot,1.0.0,shop,expensive,None,None,False,Dining,False,Does not play music,No lighting,FtrTablesetting_Remake_2_0,2_0,4068,3nehzPtZDeRmDjed7,True
table setting,Yellow,,Navy blue,Placemat,False,False,True,1,720,180,Yellow,Blue,1x1,Nook's Cranny,Available in Nook's Cranny (upgraded only); in the unique furniture slot,1.0.0,shop,expensive,None,None,False,Dining,False,Does not play music,No lighting,FtrTablesetting_Remake_2_1,2_1,4068,QuRfBzYMpPcsmTSAs,True
table setting,Yellow,,Pink,Placemat,False,False,True,1,720,180,Yellow,Pink,1x1,Nook's Cranny,Available in Nook's Cranny (upgraded only); in the unique furniture slot,1.0.0,shop,expensive,None,None,False,Dining,False,Does not play music,No lighting,FtrTablesetting_Remake_2_2,2_2,4068,9nLx5fupNKhkSwjca,True
table setting,Yellow,,Orange,Placemat,False,False,True,1,720,180,Yellow,Yellow,1x1,Nook's Cranny,Available in Nook's Cranny (upgraded only); in the unique furniture slot,1.0.0,shop,expensive,None,None,False,Dining,False,Does not play music,No lighting,FtrTablesetting_Remake_2_3,2_3,4068,Jmj3n8haC2wMe4LLv,True
table setting,Yellow,,Green,Placemat,False,False,True,1,720,180,Yellow,Green,1x1,Nook's Cranny,Available in Nook's Cranny (upgraded only); in the unique furniture slot,1.0.0,shop,expensive,None,None,False,Dining,False,Does not play music,No lighting,FtrTablesetting_Remake_2_4,2_4,4068,pm9LFqGgLQ9H5xKSw,True
table setting,Light blue,,White,Placemat,False,False,True,1,720,180,Light blue,Beige,1x1,Nook's Cranny,Available in Nook's Cranny (upgraded only); in the unique furniture slot,1.0.0,shop,expensive,None,None,False,Dining,False,Does not play music,No lighting,FtrTablesetting_Remake_3_0,3_0,4068,eHaaNFkMLKJzRY37R,True
table setting,Light blue,,Navy blue,Placemat,False,False,True,1,720,180,Light blue,Blue,1x1,Nook's Cranny,Available in Nook's Cranny (upgraded only); in the unique furniture slot,1.0.0,shop,expensive,None,None,False,Dining,False,Does not play music,No lighting,FtrTablesetting_Remake_3_1,3_1,4068,E9LjPMs3ZbgobZ4Fy,True
table setting,Light blue,,Pink,Placemat,False,False,True,1,720,180,Light blue,Pink,1x1,Nook's Cranny,Available in Nook's Cranny (upgraded only); in the unique furniture slot,1.0.0,shop,expensive,None,None,False,Dining,False,Does not play music,No lighting,FtrTablesetting_Remake_3_2,3_2,4068,mRLakP8u8nLuvF96r,True
table setting,Light blue,,Orange,Placemat,False,False,True,1,720,180,Light blue,Yellow,1x1,Nook's Cranny,Available in Nook's Cranny (upgraded only); in the unique furniture slot,1.0.0,shop,expensive,None,None,False,Dining,False,Does not play music,No lighting,FtrTablesetting_Remake_3_3,3_3,4068,wGxa2zqZQhyrCpTo7,True
table setting,Light blue,,Green,Placemat,False,False,True,1,720,180,Light blue,Green,1x1,Nook's Cranny,Available in Nook's Cranny (upgraded only); in the unique furniture slot,1.0.0,shop,expensive,None,None,False,Dining,False,Does not play music,No lighting,FtrTablesetting_Remake_3_4,3_4,4068,aEyeFQzCuxuzcjWaz,True
table setting,Black,,White,Placemat,False,False,True,1,720,180,Black,Beige,1x1,Nook's Cranny,Available in Nook's Cranny (upgraded only); in the unique furniture slot,1.0.0,shop,expensive,None,None,False,Dining,False,Does not play music,No lighting,FtrTablesetting_Remake_4_0,4_0,4068,7yNT4oGnt5evNM6mL,True
table setting,Black,,Navy blue,Placemat,False,False,True,1,720,180,Black,Blue,1x1,Nook's Cranny,Available in Nook's Cranny (upgraded only); in the unique furniture slot,1.0.0,shop,expensive,None,None,False,Dining,False,Does not play music,No lighting,FtrTablesetting_Remake_4_1,4_1,4068,huz3E8wLMtZG622Ku,True
table setting,Black,,Pink,Placemat,False,False,True,1,720,180,Black,Pink,1x1,Nook's Cranny,Available in Nook's Cranny (upgraded only); in the unique furniture slot,1.0.0,shop,expensive,None,None,False,Dining,False,Does not play music,No lighting,FtrTablesetting_Remake_4_2,4_2,4068,HLwW2wS6DRRArsZbj,True
table setting,Black,,Orange,Placemat,False,False,True,1,720,180,Black,Yellow,1x1,Nook's Cranny,Available in Nook's Cranny (upgraded only); in the unique furniture slot,1.0.0,shop,expensive,None,None,False,Dining,False,Does not play music,No lighting,FtrTablesetting_Remake_4_3,4_3,4068,6PJw8npJiPJaLgjY2,True
table setting,Black,,Green,Placemat,False,False,True,1,720,180,Black,Green,1x1,Nook's Cranny,Available in Nook's Cranny (upgraded only); in the unique furniture slot,1.0.0,shop,expensive,None,None,False,Dining,False,Does not play music,No lighting,FtrTablesetting_Remake_4_4,4_4,4068,rFFLzj5bNpaF6aEnE,True
tabletop festive tree,Colorful,Design,,,True,True,False,2,,930,Green,Colorful,1x1,Crafting,,1.0.0,party,fancy,festive,None,True,Seasonal Decor,False,Does not play music,No lighting,FtrTreeXmasMini_Remake_0_0,0_0,4067,j8yMbP4tKRimoBWhn,False
tabletop festive tree,Blue,Design,,,True,True,False,2,,930,Green,Blue,1x1,Crafting,,1.0.0,party,fancy,festive,None,True,Seasonal Decor,False,Does not play music,No lighting,FtrTreeXmasMini_Remake_1_0,1_0,4067,5zL3LTpdFAeGG67oi,False
tabletop festive tree,Red,Design,,,True,True,False,2,,930,Green,Red,1x1,Crafting,,1.0.0,party,fancy,festive,None,True,Seasonal Decor,False,Does not play music,No lighting,FtrTreeXmasMini_Remake_2_0,2_0,4067,WqzRcFfGyPS2f2txF,False
tabletop festive tree,Pink,Design,,,True,True,False,2,,930,Pink,White,1x1,Crafting,,1.0.0,party,fancy,festive,None,True,Seasonal Decor,False,Does not play music,No lighting,FtrTreeXmasMini_Remake_3_0,3_0,4067,hmSEdc2wWHqsSkPP5,False
tabletop festive tree,Gold,Design,,,True,True,False,2,,930,Green,Yellow,1x1,Crafting,,1.0.0,party,fancy,festive,None,True,Seasonal Decor,False,Does not play music,No lighting,FtrTreeXmasMini_Remake_4_0,4_0,4067,GcSdSpGFK26F2ZjJg,False
tabletop festive tree,White,Design,,,True,True,False,2,,930,White,Yellow,1x1,Crafting,,1.0.0,party,fancy,festive,None,True,Seasonal Decor,False,Does not play music,No lighting,FtrTreeXmasMini_Remake_5_0,5_0,4067,fFiFwpQ8CZ96Gsokh,False
tadpole model,,,,,False,False,False,,,300,Black,Black,1x1,C.J.,Trade 3 fish to receive a model in the mail the next day,1.0.0,None,None,None,None,False,Fish,False,Does not play music,No lighting,FtrFishOtamajakusiToy,,7001,7uu2G4TcDGesvmWLA,False
tape deck,Silver,,,,False,False,False,,2900,725,Gray,Blue,1x1,Nook's Cranny,Available in the re-buyable slot in Nook's Cranny,1.0.0,living room,None,None,None,True,Audio,True,Cheap,No lighting,FtrRadicase_Remake_0_0,0_0,787,3dgrkt54mZBMQ3aJR,True
tape deck,Orange,,,,False,False,False,,2900,725,Orange,Black,1x1,Nook's Cranny,Available in the re-buyable slot in Nook's Cranny,1.0.0,living room,None,None,None,True,Audio,True,Cheap,No lighting,FtrRadicase_Remake_1_0,1_0,787,9WA4yz5pYGGeegm3o,True
tape deck,White,,,,False,False,False,,2900,725,White,Black,1x1,Nook's Cranny,Available in the re-buyable slot in Nook's Cranny,1.0.0,living room,None,None,None,True,Audio,True,Cheap,No lighting,FtrRadicase_Remake_2_0,2_0,787,KdsYDoymNrxkRDQG8,True
tape deck,Black,,,,False,False,False,,2900,725,Black,Gray,1x1,Nook's Cranny,Available in the re-buyable slot in Nook's Cranny,1.0.0,living room,None,None,None,True,Audio,True,Cheap,No lighting,FtrRadicase_Remake_3_0,3_0,787,u4kDKbGXnn3nuCw26,True
tarantula model,,,,,False,False,False,,,24000,Brown,Brown,1x1,Flick,Trade 3 insects to receive a model in the mail the next day,1.0.0,None,None,None,None,False,Insect,False,Does not play music,No lighting,FtrInsectTaranchuraToy,,7101,KSonTvw3ktCrR2248,False
tea set,Green,,Yellow,Mat,False,False,True,1,1000,250,Green,Yellow,1x1,Nook's Cranny,Available in the re-buyable slot in Nook's Cranny,1.0.0,kitchen,shop,None,None,False,Dining,False,Does not play music,No lighting,FtrTeaset_Remake_0_0,0_0,3467,miXthXFsm2fcJbq8o,True
tea set,Green,,Blue,Mat,False,False,True,1,1000,250,Green,Blue,1x1,Nook's Cranny,Available in the re-buyable slot in Nook's Cranny,1.0.0,kitchen,shop,None,None,False,Dining,False,Does not play music,No lighting,FtrTeaset_Remake_0_1,0_1,3467,Y8nG3ZwcEBkuLJpgq,True
tea set,Green,,Red,Mat,False,False,True,1,1000,250,Green,Red,1x1,Nook's Cranny,Available in the re-buyable slot in Nook's Cranny,1.0.0,kitchen,shop,None,None,False,Dining,False,Does not play music,No lighting,FtrTeaset_Remake_0_2,0_2,3467,6garMuunngb7BWTrp,True
tea set,Green,,Gray,Mat,False,False,True,1,1000,250,Green,Gray,1x1,Nook's Cranny,Available in the re-buyable slot in Nook's Cranny,1.0.0,kitchen,shop,None,None,False,Dining,False,Does not play music,No lighting,FtrTeaset_Remake_0_3,0_3,3467,h7yWXbB3PLoEFWGaj,True
tea set,Blue,,Yellow,Mat,False,False,True,1,1000,250,Blue,Yellow,1x1,Nook's Cranny,Available in the re-buyable slot in Nook's Cranny,1.0.0,kitchen,shop,None,None,False,Dining,False,Does not play music,No lighting,FtrTeaset_Remake_1_0,1_0,3467,ARj6nQ5yaW6d8EXqe,True
tea set,Blue,,Blue,Mat,False,False,True,1,1000,250,Blue,Blue,1x1,Nook's Cranny,Available in the re-buyable slot in Nook's Cranny,1.0.0,kitchen,shop,None,None,False,Dining,False,Does not play music,No lighting,FtrTeaset_Remake_1_1,1_1,3467,yXwyjD2xJ43oYymrC,True
tea set,Blue,,Red,Mat,False,False,True,1,1000,250,Blue,Red,1x1,Nook's Cranny,Available in the re-buyable slot in Nook's Cranny,1.0.0,kitchen,shop,None,None,False,Dining,False,Does not play music,No lighting,FtrTeaset_Remake_1_2,1_2,3467,hMXe3ioG8MDe5giSG,True
tea set,Blue,,Gray,Mat,False,False,True,1,1000,250,Blue,Gray,1x1,Nook's Cranny,Available in the re-buyable slot in Nook's Cranny,1.0.0,kitchen,shop,None,None,False,Dining,False,Does not play music,No lighting,FtrTeaset_Remake_1_3,1_3,3467,GHGXn3KzLqRSeEx5g,True
tea set,Red,,Yellow,Mat,False,False,True,1,1000,250,Red,Yellow,1x1,Nook's Cranny,Available in the re-buyable slot in Nook's Cranny,1.0.0,kitchen,shop,None,None,False,Dining,False,Does not play music,No lighting,FtrTeaset_Remake_2_0,2_0,3467,Z3KBqGiM9bmg6QipC,True
tea set,Red,,Blue,Mat,False,False,True,1,1000,250,Red,Blue,1x1,Nook's Cranny,Available in the re-buyable slot in Nook's Cranny,1.0.0,kitchen,shop,None,None,False,Dining,False,Does not play music,No lighting,FtrTeaset_Remake_2_1,2_1,3467,ukLHGoeSnPjb7ZYL2,True
tea set,Red,,Red,Mat,False,False,True,1,1000,250,Red,Red,1x1,Nook's Cranny,Available in the re-buyable slot in Nook's Cranny,1.0.0,kitchen,shop,None,None,False,Dining,False,Does not play music,No lighting,FtrTeaset_Remake_2_2,2_2,3467,LEPqcd2HydF92EiiZ,True
tea set,Red,,Gray,Mat,False,False,True,1,1000,250,Red,Gray,1x1,Nook's Cranny,Available in the re-buyable slot in Nook's Cranny,1.0.0,kitchen,shop,None,None,False,Dining,False,Does not play music,No lighting,FtrTeaset_Remake_2_3,2_3,3467,swgQQjC6gBLTbsXi9,True
tea set,White,,Yellow,Mat,False,False,True,1,1000,250,Yellow,Yellow,1x1,Nook's Cranny,Available in the re-buyable slot in Nook's Cranny,1.0.0,kitchen,shop,None,None,False,Dining,False,Does not play music,No lighting,FtrTeaset_Remake_3_0,3_0,3467,aRF9jcZBzfyeAZckK,True
tea set,White,,Blue,Mat,False,False,True,1,1000,250,Yellow,Blue,1x1,Nook's Cranny,Available in the re-buyable slot in Nook's Cranny,1.0.0,kitchen,shop,None,None,False,Dining,False,Does not play music,No lighting,FtrTeaset_Remake_3_1,3_1,3467,zTdJQ3pKk2PaMSdPi,True
tea set,White,,Red,Mat,False,False,True,1,1000,250,Yellow,Red,1x1,Nook's Cranny,Available in the re-buyable slot in Nook's Cranny,1.0.0,kitchen,shop,None,None,False,Dining,False,Does not play music,No lighting,FtrTeaset_Remake_3_2,3_2,3467,zHXEsFS3nQMhewQcf,True
tea set,White,,Gray,Mat,False,False,True,1,1000,250,Yellow,Gray,1x1,Nook's Cranny,Available in the re-buyable slot in Nook's Cranny,1.0.0,kitchen,shop,None,None,False,Dining,False,Does not play music,No lighting,FtrTeaset_Remake_3_3,3_3,3467,nhvdGkpgyWfA2zcRD,True
terrarium,Black,Frame,,,True,True,False,3,,1740,Black,Green,1x1,Crafting,,1.0.0,living room,None,None,None,False,Plants,False,Does not play music,No lighting,FtrTerrarium_Remake_0_0,0_0,3773,wWQdqmpkvF7yCvtH8,False
terrarium,Gold,Frame,,,True,True,False,3,,1740,Beige,Green,1x1,Crafting,,1.0.0,living room,None,None,None,False,Plants,False,Does not play music,No lighting,FtrTerrarium_Remake_1_0,1_0,3773,YxuwXzTqpWMZBtYqC,False
terrarium,Brown,Frame,,,True,True,False,3,,1740,Brown,Green,1x1,Crafting,,1.0.0,living room,None,None,None,False,Plants,False,Does not play music,No lighting,FtrTerrarium_Remake_2_0,2_0,3773,LNZaYrThGPR9dKLFf,False
thank-you Dad mug,,,,,False,False,False,,600,150,Blue,Light blue,1x1,Nook Shopping Seasonal,Only available during the month Father's Day occurs; region dependant,1.2.0,living room,den,None,None,False,Dining,False,Does not play music,No lighting,FtrThankyouMugF,,12471,CQwSjJRvvJD2fyA4k,False
thank-you Mom mug,,,,,False,False,False,,600,150,Pink,Red,1x1,Nook Shopping Seasonal,Only available during the month Mother's Day occurs; region dependant,1.2.0,living room,fancy,None,None,False,Dining,False,Does not play music,No lighting,FtrThankyouMugM,,12470,CJQr3dMkT9St7S9B8,False
throwback container,Green,,,,False,False,False,,2000,500,Yellow,Green,1x1,Nook's Cranny,Available in Nook's Cranny (upgraded only); in the unique furniture slot,1.0.0,child's room,None,throwback,None,False,Toy,False,Does not play music,No lighting,FtrBoyBox_Remake_0_0,0_0,4762,rAG6dendvgpqDrAcW,True
throwback container,Red,,,,False,False,False,,2000,500,Red,White,1x1,Nook's Cranny,Available in Nook's Cranny (upgraded only); in the unique furniture slot,1.0.0,child's room,None,throwback,None,False,Toy,False,Does not play music,No lighting,FtrBoyBox_Remake_1_0,1_0,4762,cxvRZJHGGFhyJJ6QE,True
throwback container,Blue,,,,False,False,False,,2000,500,Blue,White,1x1,Nook's Cranny,Available in Nook's Cranny (upgraded only); in the unique furniture slot,1.0.0,child's room,None,throwback,None,False,Toy,False,Does not play music,No lighting,FtrBoyBox_Remake_2_0,2_0,4762,W7MxgbS7H85TYw4Pq,True
throwback container,Yellow,,,,False,False,False,,2000,500,Yellow,Gray,1x1,Nook's Cranny,Available in Nook's Cranny (upgraded only); in the unique furniture slot,1.0.0,child's room,None,throwback,None,False,Toy,False,Does not play music,No lighting,FtrBoyBox_Remake_3_0,3_0,4762,hvfSs4AhJDMBrbpPD,True
throwback container,Light blue,,,,False,False,False,,2000,500,Light blue,Yellow,1x1,Nook's Cranny,Available in Nook's Cranny (upgraded only); in the unique furniture slot,1.0.0,child's room,None,throwback,None,False,Toy,False,Does not play music,No lighting,FtrBoyBox_Remake_4_0,4_0,4762,mptMFbRwE8Jh6T5sR,True
throwback container,White,,,,False,False,False,,2000,500,White,Orange,1x1,Nook's Cranny,Available in Nook's Cranny (upgraded only); in the unique furniture slot,1.0.0,child's room,None,throwback,None,False,Toy,False,Does not play music,No lighting,FtrBoyBox_Remake_5_0,5_0,4762,jp9ArTuuKS36DWmNX,True
throwback container,Black,,,,False,False,False,,2000,500,Black,Gray,1x1,Nook's Cranny,Available in Nook's Cranny (upgraded only); in the unique furniture slot,1.0.0,child's room,None,throwback,None,False,Toy,False,Does not play music,No lighting,FtrBoyBox_Remake_6_0,6_0,4762,RQvJd6wZo3NWKPYn8,True
throwback gothic mirror,Black,,,,False,False,False,,1800,450,Black,Gray,1x1,Nook's Cranny,Available in the re-buyable slot in Nook's Cranny,1.0.0,child's room,horror,throwback,None,True,Dresser,False,Does not play music,No lighting,FtrBoyMirror_Remake_0_0,0_0,4754,J42EkPD6McqxBRakq,True
throwback gothic mirror,White,,,,False,False,False,,1800,450,White,Gray,1x1,Nook's Cranny,Available in the re-buyable slot in Nook's Cranny,1.0.0,child's room,horror,throwback,None,True,Dresser,False,Does not play music,No lighting,FtrBoyMirror_Remake_1_0,1_0,4754,bRCxFpYiD8TvAkreg,True
throwback gothic mirror,Red,,,,False,False,False,,1800,450,Red,Gray,1x1,Nook's Cranny,Available in the re-buyable slot in Nook's Cranny,1.0.0,child's room,horror,throwback,None,True,Dresser,False,Does not play music,No lighting,FtrBoyMirror_Remake_2_0,2_0,4754,qidgErbkRNPT89y4E,True
throwback skull radio,White,,,,False,False,False,,3200,800,White,Pink,1x1,Nook's Cranny,Available in the re-buyable slot in Nook's Cranny,1.0.0,child's room,horror,throwback,None,True,Audio,False,Cheap,No lighting,FtrBoyAudio_Remake_0_0,0_0,4757,9b5Smyh4QgnXAzFX7,True
throwback skull radio,Red,,,,False,False,False,,3200,800,Red,Pink,1x1,Nook's Cranny,Available in the re-buyable slot in Nook's Cranny,1.0.0,child's room,horror,throwback,None,True,Audio,False,Cheap,No lighting,FtrBoyAudio_Remake_1_0,1_0,4757,fWzDS23dv4bGqcGHq,True
throwback skull radio,Black,,,,False,False,False,,3200,800,Black,Pink,1x1,Nook's Cranny,Available in the re-buyable slot in Nook's Cranny,1.0.0,child's room,horror,throwback,None,True,Audio,False,Cheap,No lighting,FtrBoyAudio_Remake_2_0,2_0,4757,7Sqm9ijE2ZgdAAsHL,True
throwback skull radio,Ash,,,,False,False,False,,3200,800,Beige,Pink,1x1,Nook's Cranny,Available in the re-buyable slot in Nook's Cranny,1.0.0,child's room,horror,throwback,None,True,Audio,False,Cheap,No lighting,FtrBoyAudio_Remake_3_0,3_0,4757,9f54PZycfkw6LMzBQ,True
throwback skull radio,Green,,,,False,False,False,,3200,800,Green,Pink,1x1,Nook's Cranny,Available in the re-buyable slot in Nook's Cranny,1.0.0,child's room,horror,throwback,None,True,Audio,False,Cheap,No lighting,FtrBoyAudio_Remake_4_0,4_0,4757,RwWvfZg7ZkEXXMugH,True
throwback skull radio,Gray,,,,False,False,False,,3200,800,Gray,Pink,1x1,Nook's Cranny,Available in the re-buyable slot in Nook's Cranny,1.0.0,child's room,horror,throwback,None,True,Audio,False,Cheap,No lighting,FtrBoyAudio_Remake_5_0,5_0,4757,8gCjgTzxYQD7Jvkhx,True
throwback wrestling figure,Red,,,,False,False,False,,1400,350,Red,Beige,1x1,Nook's Cranny,Available in the re-buyable slot in Nook's Cranny,1.0.0,child's room,None,throwback,None,True,Toy,False,Does not play music,No lighting,FtrBoyFigure_Remake_0_0,0_0,4753,zCaXTQto9EYQaQiXu,True
throwback wrestling figure,Blue,,,,False,False,False,,1400,350,Blue,Beige,1x1,Nook's Cranny,Available in the re-buyable slot in Nook's Cranny,1.0.0,child's room,None,throwback,None,True,Toy,False,Does not play music,No lighting,FtrBoyFigure_Remake_1_0,1_0,4753,W52xbYFQyAJpTtodC,True
throwback wrestling figure,Green,,,,False,False,False,,1400,350,Green,Beige,1x1,Nook's Cranny,Available in the re-buyable slot in Nook's Cranny,1.0.0,child's room,None,throwback,None,True,Toy,False,Does not play music,No lighting,FtrBoyFigure_Remake_2_0,2_0,4753,x8YGsgk2otPZTfq7s,True
throwback wrestling figure,Pink,,,,False,False,False,,1400,350,Pink,Beige,1x1,Nook's Cranny,Available in the re-buyable slot in Nook's Cranny,1.0.0,child's room,None,throwback,None,True,Toy,False,Does not play music,No lighting,FtrBoyFigure_Remake_3_0,3_0,4753,ZyH2n8rKRN4dxbQAP,True
throwback wrestling figure,Black,,,,False,False,False,,1400,350,Black,Beige,1x1,Nook's Cranny,Available in the re-buyable slot in Nook's Cranny,1.0.0,child's room,None,throwback,None,True,Toy,False,Does not play music,No lighting,FtrBoyFigure_Remake_4_0,4_0,4753,yAy7wunyeonjBqCxH,True
throwback wrestling figure,Gold,,,,False,False,False,,1400,350,Yellow,Beige,1x1,Nook's Cranny,Available in the re-buyable slot in Nook's Cranny,1.0.0,child's room,None,throwback,None,True,Toy,False,Does not play music,No lighting,FtrBoyFigure_Remake_5_0,5_0,4753,p5XsuqKzDdsxvp7uc,True
tiger beetle model,,,,,False,False,False,,,4500,Green,Black,1x1,Flick,Trade 3 insects to receive a model in the mail the next day,1.0.0,None,None,None,None,False,Insect,False,Does not play music,No lighting,FtrInsectHanmyouToy,,7062,3dkXwjMFWRqcuFf3H,False
tiger butterfly model,,,,,False,False,False,,,720,Yellow,Black,1x1,Flick,Trade 3 insects to receive a model in the mail the next day,1.0.0,None,None,None,None,False,Insect,False,Does not play music,No lighting,FtrInsectAgehachoToy,,5944,5wBRWgevWFYZyBdMJ,False
tilapia model,,,,,False,False,False,,,2400,Black,Black,1x1,C.J.,Trade 3 fish to receive a model in the mail the next day,1.0.0,None,None,None,None,False,Fish,False,Does not play music,No lighting,FtrFishThirapiaToy,,7022,48pvcdEMnJn8zkdKP,False
tin bucket,,,,,False,False,False,,1000,250,Gray,Gray,1x1,Nook's Cranny,Available in all tiers of shops; including Timmy & Tommy before the shop is opened,1.0.0,garage,None,None,None,False,Garden,True,Does not play music,No lighting,FtrBucket,,2592,4qoqyCbsBoTQhykTh,True
tissue box,Red,,,,False,False,False,,180,45,Red,White,1x1,Nook's Cranny,Available in all tiers of shops; including Timmy & Tommy before the shop is opened,1.0.0,living room,office,None,None,False,Supplies,False,Does not play music,No lighting,FtrTissuebox_Remake_0_0,0_0,4114,HTznH6JKRzS588hom,True
tissue box,Yellow,,,,False,False,False,,180,45,Yellow,White,1x1,Nook's Cranny,Available in all tiers of shops; including Timmy & Tommy before the shop is opened,1.0.0,living room,office,None,None,False,Supplies,False,Does not play music,No lighting,FtrTissuebox_Remake_1_0,1_0,4114,KYgeZWhrc27hKceoD,True
tissue box,Blue,,,,False,False,False,,180,45,Light blue,White,1x1,Nook's Cranny,Available in all tiers of shops; including Timmy & Tommy before the shop is opened,1.0.0,living room,office,None,None,False,Supplies,False,Does not play music,No lighting,FtrTissuebox_Remake_2_0,2_0,4114,3q3Fh4MrD3n76yCEf,True
tissue box,White,,,,False,False,False,,180,45,Beige,White,1x1,Nook's Cranny,Available in all tiers of shops; including Timmy & Tommy before the shop is opened,1.0.0,living room,office,None,None,False,Supplies,False,Does not play music,No lighting,FtrTissuebox_Remake_3_0,3_0,4114,4W8QRgPyHxk5qpHWL,True
tissue box,Natural wood,,,,False,False,False,,180,45,Orange,White,1x1,Nook's Cranny,Available in all tiers of shops; including Timmy & Tommy before the shop is opened,1.0.0,living room,office,None,None,False,Supplies,False,Does not play music,No lighting,FtrTissuebox_Remake_4_0,4_0,4114,Ta4FYnbEzyspKfgCD,True
tissue box,Rattan,,,,False,False,False,,180,45,Brown,White,1x1,Nook's Cranny,Available in all tiers of shops; including Timmy & Tommy before the shop is opened,1.0.0,living room,office,None,None,False,Supplies,False,Does not play music,No lighting,FtrTissuebox_Remake_5_0,5_0,4114,QMGRXZ7AzESsZtqco,True
toolbox,Red,,,,False,False,False,,1800,450,Red,Gray,1x1,Nook's Cranny,Available in all tiers of shops; including Timmy & Tommy before the shop is opened,1.0.0,garage,None,None,None,True,Supplies,False,Does not play music,No lighting,FtrToolbox_Remake_0_0,0_0,4687,3dHZNToyYDMMJQPsc,True
toolbox,Green,,,,False,False,False,,1800,450,Green,Beige,1x1,Nook's Cranny,Available in all tiers of shops; including Timmy & Tommy before the shop is opened,1.0.0,garage,None,None,None,True,Supplies,False,Does not play music,No lighting,FtrToolbox_Remake_1_0,1_0,4687,qN6n89w4py3APDYyG,True
toolbox,Blue,,,,False,False,False,,1800,450,Blue,White,1x1,Nook's Cranny,Available in all tiers of shops; including Timmy & Tommy before the shop is opened,1.0.0,garage,None,None,None,True,Supplies,False,Does not play music,No lighting,FtrToolbox_Remake_2_0,2_0,4687,nmu4mW9Djwq5vkPLB,True
toolbox,Orange,,,,False,False,False,,1800,450,Orange,Black,1x1,Nook's Cranny,Available in all tiers of shops; including Timmy & Tommy before the shop is opened,1.0.0,garage,None,None,None,True,Supplies,False,Does not play music,No lighting,FtrToolbox_Remake_3_0,3_0,4687,7KtTwcpemKGFWQShP,True
toolbox,Turquoise,,,,False,False,False,,1800,450,Light blue,Orange,1x1,Nook's Cranny,Available in all tiers of shops; including Timmy & Tommy before the shop is opened,1.0.0,garage,None,None,None,True,Supplies,False,Does not play music,No lighting,FtrToolbox_Remake_4_0,4_0,4687,noSbXqfiHc4YYXu7q,True
toolbox,Pink,,,,False,False,False,,1800,450,Pink,Pink,1x1,Nook's Cranny,Available in all tiers of shops; including Timmy & Tommy before the shop is opened,1.0.0,garage,None,None,None,True,Supplies,False,Does not play music,No lighting,FtrToolbox_Remake_5_0,5_0,4687,GHxxmwZieCysXTfdL,True
toy box,Green,,,,False,False,False,,2500,625,Green,Colorful,1x1,Nook's Cranny,Available in the re-buyable slot in Nook's Cranny,1.0.0,child's room,fancy,None,None,False,Toy,False,Does not play music,No lighting,FtrToybox_Remake_0_0,0_0,3623,B9J97m5YmybZCCe7d,True
toy box,Pink,,,,False,False,False,,2500,625,Pink,Colorful,1x1,Nook's Cranny,Available in the re-buyable slot in Nook's Cranny,1.0.0,child's room,fancy,None,None,False,Toy,False,Does not play music,No lighting,FtrToybox_Remake_1_0,1_0,3623,6sbNdiei3z3LidF7F,True
toy box,Blue,,,,False,False,False,,2500,625,Blue,Colorful,1x1,Nook's Cranny,Available in the re-buyable slot in Nook's Cranny,1.0.0,child's room,fancy,None,None,False,Toy,False,Does not play music,No lighting,FtrToybox_Remake_2_0,2_0,3623,cQRPAPa9LJMXBPsod,True
toy box,Gray,,,,False,False,False,,2500,625,Gray,Colorful,1x1,Nook's Cranny,Available in the re-buyable slot in Nook's Cranny,1.0.0,child's room,fancy,None,None,False,Toy,False,Does not play music,No lighting,FtrToybox_Remake_3_0,3_0,3623,M37kiaDJjew9ZLv5q,True
toy centipede,,,,,False,False,False,,,50,Brown,Brown,1x1,Bug-Off,,1.0.0,child's room,horror,None,None,True,Insect,False,Does not play music,No lighting,FtrCentipedefake,,3969,E3RdJaG8rNfTKJZsm,False
toy cockroach,,,,,False,False,False,,,70,Brown,Brown,1x1,Bug-Off,,1.0.0,child's room,horror,None,None,True,Insect,False,Does not play music,No lighting,FtrCockroachfake,,3620,KJ4EjisED9SpHe2Js,False
traditional balancing toy,,,,,True,False,False,,,1840,Brown,Orange,1x1,Crafting,,1.0.0,child's room,fancy,tree's bounty or leaves,None,True,Toy,False,Does not play music,No lighting,FtrBalancingtoy,,5975,rAZH7TBguYeP2LML8,False
traditional tea set,Plain,,,,False,False,False,,1000,250,Orange,White,1x1,Nook's Cranny,Available in the re-buyable slot in Nook's Cranny,1.0.0,zen-style,shop,None,None,False,Dining,False,Does not play music,No lighting,FtrTeasetChina_Remake_0_0,0_0,4033,KYKxmFGwyAdokLLJa,True
traditional tea set,Goldfish,,,,False,False,False,,1000,250,Brown,White,1x1,Nook's Cranny,Available in the re-buyable slot in Nook's Cranny,1.0.0,zen-style,shop,None,None,False,Dining,False,Does not play music,No lighting,FtrTeasetChina_Remake_1_0,1_0,4033,QMyMCnhCv5QsyZEsv,True
traditional tea set,Floral,,,,False,False,False,,1000,250,Black,White,1x1,Nook's Cranny,Available in the re-buyable slot in Nook's Cranny,1.0.0,zen-style,shop,None,None,False,Dining,False,Does not play music,No lighting,FtrTeasetChina_Remake_2_0,2_0,4033,tqSexDfS3XEAWdfwF,True
trash bags,Black,Bag color,,,True,True,False,1,,60,Black,Black,1x1,Crafting,,1.0.0,garage,None,None,None,False,Supplies,True,Does not play music,No lighting,FtrGarbagebag_Remake_0_0,0_0,1823,2a49ZEkNsCwYmoAkd,False
trash bags,White,Bag color,,,True,True,False,1,,60,White,White,1x1,Crafting,,1.0.0,garage,None,None,None,False,Supplies,True,Does not play music,No lighting,FtrGarbagebag_Remake_1_0,1_0,1823,QSxSfaZWq4THNJubE,False
trash bags,Blue,Bag color,,,True,True,False,1,,60,Blue,Blue,1x1,Crafting,,1.0.0,garage,None,None,None,False,Supplies,True,Does not play music,No lighting,FtrGarbagebag_Remake_2_0,2_0,1823,5GXE3pFEv6qEcspDd,False
trash bags,Yellow,Bag color,,,True,True,False,1,,60,Yellow,Yellow,1x1,Crafting,,1.0.0,garage,None,None,None,False,Supplies,True,Does not play music,No lighting,FtrGarbagebag_Remake_3_0,3_0,1823,zuCJAp4zMYyYvn3HJ,False
tree's bounty lamp,Red,Nut color,,,True,True,False,5,,3200,Brown,Red,1x1,Crafting,,1.0.0,fancy,None,tree's bounty or leaves,None,True,Lamp,False,Does not play music,Fluorescent,FtrNutLamp_Remake_0_0,0_0,6078,FPa22pRCX4nFw2aSj,False
tree's bounty lamp,White,Nut color,,,True,True,False,5,,3200,Beige,White,1x1,Crafting,,1.0.0,fancy,None,tree's bounty or leaves,None,True,Lamp,False,Does not play music,Fluorescent,FtrNutLamp_Remake_1_0,1_0,6078,NgJprmTRWskL27xs6,False
tree's bounty little tree,Brown,Nut color,,,True,True,False,6,,4120,Brown,Colorful,1x1,Crafting,,1.0.0,party,fancy,tree's bounty or leaves,None,False,Seasonal Decor,False,Does not play music,No lighting,FtrNutTreeS_Remake_0_0,0_0,6079,Nk9NFHBKtvDSWww8G,False
tree's bounty little tree,White,Nut color,,,True,True,False,6,,4120,White,Colorful,1x1,Crafting,,1.0.0,party,fancy,tree's bounty or leaves,None,False,Seasonal Decor,False,Does not play music,No lighting,FtrNutTreeS_Remake_1_0,1_0,6079,DRgqGr3WF7XKtYdDa,False
tuna model,,,,,False,False,False,,,21000,Blue,Black,1x1,C.J.,Trade 3 fish to receive a model in the mail the next day,1.0.0,None,None,None,None,False,Fish,False,Does not play music,No lighting,FtrFishMaguroToy,,6983,aswJHxfmWvLnYN2uG,False
typewriter,Black,,,,False,False,False,,2000,500,Black,Yellow,1x1,Nook's Cranny,Available in the re-buyable slot in Nook's Cranny,1.0.0,office,den,None,None,True,Office,False,Does not play music,No lighting,FtrTypewriter_Remake_0_0,0_0,1211,p69dScLzsesd4w5CD,True
typewriter,Blue,,,,False,False,False,,2000,500,Blue,Gray,1x1,Nook's Cranny,Available in the re-buyable slot in Nook's Cranny,1.0.0,office,den,None,None,True,Office,False,Does not play music,No lighting,FtrTypewriter_Remake_1_0,1_0,1211,AdDGSKZp9By2wT8Z8,True
typewriter,Brown,,,,False,False,False,,2000,500,Brown,Yellow,1x1,Nook's Cranny,Available in the re-buyable slot in Nook's Cranny,1.0.0,office,den,None,None,True,Office,False,Does not play music,No lighting,FtrTypewriter_Remake_2_0,2_0,1211,u4WkAgnTHZuhzwhRs,True
typewriter,Green,,,,False,False,False,,2000,500,Green,Gray,1x1,Nook's Cranny,Available in the re-buyable slot in Nook's Cranny,1.0.0,office,den,None,None,True,Office,False,Does not play music,No lighting,FtrTypewriter_Remake_3_0,3_0,1211,5RMhaFjGGJoSuxyDk,True
typewriter,Gold,,,,False,False,False,,2000,500,Yellow,Gray,1x1,Nook's Cranny,Available in the re-buyable slot in Nook's Cranny,1.0.0,office,den,None,None,True,Office,False,Does not play music,No lighting,FtrTypewriter_Remake_4_0,4_0,1211,45ttR58ZLzEn5vPp6,True
typewriter,Silver,,,,False,False,False,,2000,500,White,Light blue,1x1,Nook's Cranny,Available in the re-buyable slot in Nook's Cranny,1.0.0,office,den,None,None,True,Office,False,Does not play music,No lighting,FtrTypewriter_Remake_5_0,5_0,1211,7LBxvw6S2KZejksCJ,True
ukulele,Natural,Body,,,True,True,False,1,,600,Beige,Brown,1x1,Crafting,,1.0.0,ocean,None,None,None,True,Musical Instrument,False,Does not play music,No lighting,FtrUkulele_Remake_0_0,0_0,669,fDCGyMzQHKvuBqGaT,False
ukulele,Brown,Body,,,True,True,False,1,,600,Brown,Brown,1x1,Crafting,,1.0.0,ocean,None,None,None,True,Musical Instrument,False,Does not play music,No lighting,FtrUkulele_Remake_1_0,1_0,669,GGrfztK8qH2upYCTR,False
ukulele,White,Body,,,True,True,False,1,,600,White,Beige,1x1,Crafting,,1.0.0,ocean,None,None,None,True,Musical Instrument,False,Does not play music,No lighting,FtrUkulele_Remake_2_0,2_0,669,iw5FpysH2suXTDnRn,False
ukulele,Ocean blue,Body,,,True,True,False,1,,600,Blue,Black,1x1,Crafting,,1.0.0,ocean,None,None,None,True,Musical Instrument,False,Does not play music,No lighting,FtrUkulele_Remake_3_0,3_0,669,H3Gt2aNoQcsZAgo8c,False
unfinished puzzle,,,Sunset,Puzzle image,False,False,True,1,290,72,Yellow,Purple,1x1,Nook's Cranny,Available in the re-buyable slot in Nook's Cranny,1.0.0,child's room,None,None,None,False,Toy,False,Does not play music,No lighting,FtrPuzzle_Remake_0_0,0_0,4308,kFd2FXJnYhaK762po,True
unfinished puzzle,,,Light Through the Trees,Puzzle image,False,False,True,1,290,72,Yellow,Green,1x1,Nook's Cranny,Available in the re-buyable slot in Nook's Cranny,1.0.0,child's room,None,None,None,False,Toy,False,Does not play music,No lighting,FtrPuzzle_Remake_0_1,0_1,4308,yw3oyCjgLuoADFaDN,True
unfinished puzzle,,,Snow,Puzzle image,False,False,True,1,290,72,Gray,White,1x1,Nook's Cranny,Available in the re-buyable slot in Nook's Cranny,1.0.0,child's room,None,None,None,False,Toy,False,Does not play music,No lighting,FtrPuzzle_Remake_0_2,0_2,4308,meyt6k5N7WMhvPhP3,True
unfinished puzzle,,,Sepia art,Puzzle image,False,False,True,1,290,72,Beige,Brown,1x1,Nook's Cranny,Available in the re-buyable slot in Nook's Cranny,1.0.0,child's room,None,None,None,False,Toy,False,Does not play music,No lighting,FtrPuzzle_Remake_0_3,0_3,4308,HJgxHh4rcJXXnmWnq,True
unfinished puzzle,,,Castle,Puzzle image,False,False,True,1,290,72,Light blue,Blue,1x1,Nook's Cranny,Available in the re-buyable slot in Nook's Cranny,1.0.0,child's room,None,None,None,False,Toy,False,Does not play music,No lighting,FtrPuzzle_Remake_0_4,0_4,4308,gC64bqhZta7yErFk8,True
unglazed dish set,Unglazed,Design,,,True,True,False,1,,600,Orange,White,1x1,Crafting,,1.0.0,kitchen,shop,None,None,False,Dining,False,Does not play music,No lighting,FtrDishesUnglazed_Remake_0_0,0_0,4025,TE9qGgHpLvjkqKnCK,False
unglazed dish set,Powder white,Design,,,True,True,False,1,,600,White,Brown,1x1,Crafting,,1.0.0,kitchen,shop,None,None,False,Dining,False,Does not play music,No lighting,FtrDishesUnglazed_Remake_1_0,1_0,4025,2sxpTyuceLGwZ4QDy,False
unglazed dish set,Deep blue,Design,,,True,True,False,1,,600,Blue,Beige,1x1,Crafting,,1.0.0,kitchen,shop,None,None,False,Dining,False,Does not play music,No lighting,FtrDishesUnglazed_Remake_2_0,2_0,4025,GqezdQAvWZfhSi2ns,False
unglazed dish set,Oribe-style,Design,,,True,True,False,1,,600,Green,Brown,1x1,Crafting,,1.0.0,kitchen,shop,None,None,False,Dining,False,Does not play music,No lighting,FtrDishesUnglazed_Remake_3_0,3_0,4025,Zv3WiAYtPa84mrgMh,False
unglazed dish set,Modern,Design,,,True,True,False,1,,600,White,Light blue,1x1,Crafting,,1.0.0,kitchen,shop,None,None,False,Dining,False,Does not play music,No lighting,FtrDishesUnglazed_Remake_4_0,4_0,4025,vaQ84uEXjZCkG5KBj,False
unglazed dish set,Patterned,Design,,,True,True,False,1,,600,White,Blue,1x1,Crafting,,1.0.0,kitchen,shop,None,None,False,Dining,False,Does not play music,No lighting,FtrDishesUnglazed_Remake_5_0,5_0,4025,TZShJPqAH2Tijm3r2,False
violin beetle model,,,,,False,False,False,,,1350,Brown,Black,1x1,Flick,Trade 3 insects to receive a model in the mail the next day,1.0.0,None,None,None,None,False,Insect,False,Does not play music,No lighting,FtrInsectBaiorinmushiToy,,7105,L74Trj9x6uNYorFz2,False
walker cicada model,,,,,False,False,False,,,1200,Black,Black,1x1,Flick,Trade 3 insects to receive a model in the mail the next day,1.0.0,None,None,None,None,False,Insect,False,Does not play music,No lighting,FtrInsectTsukutsukuhousiToy,,7104,rvJvo7kTY4AgpQrZD,False
walking leaf model,,,,,False,False,False,,,1800,Green,Green,1x1,Flick,Trade 3 insects to receive a model in the mail the next day,1.0.0,None,None,None,None,False,Insect,False,Does not play music,No lighting,FtrInsectKonohamushiToy,,7076,4sxdudDWZGmfZHEQt,False
walking stick model,,,,,False,False,False,,,1800,Brown,Brown,1x1,Flick,Trade 3 insects to receive a model in the mail the next day,1.0.0,None,None,None,None,False,Insect,False,Does not play music,No lighting,FtrInsectNanafushiToy,,7087,s6Ww37KFudsL8Pi2K,False
wasp model,,,,,False,False,False,,,7500,Yellow,Black,1x1,Flick,Trade 3 insects to receive a model in the mail the next day,1.0.0,None,None,None,None,False,Insect,False,Does not play music,No lighting,FtrInsectHachiToy,,5927,ugpnx7EX8MGGn3Phn,False
wedding cake,Cute,Design,,,False,True,False,2,4000,1000,Pink,White,1x1,Wedding Season,,1.2.0,party,expensive,wedding,None,False,Dining,False,Does not play music,No lighting,FtrWeddingCake_Remake_0_0,0_0,12403,vsxgdjkkSHkTxNz8k,False
wedding cake,Chic,Design,,,False,True,False,2,4000,1000,White,Yellow,1x1,Wedding Season,,1.2.0,party,expensive,wedding,None,False,Dining,False,Does not play music,No lighting,FtrWeddingCake_Remake_1_0,1_0,12403,fbJYwkAzT8zfYihhJ,False
wedding cake,Garden,Design,,,False,True,False,2,4000,1000,Brown,Green,1x1,Wedding Season,,1.2.0,party,expensive,wedding,None,False,Dining,False,Does not play music,No lighting,FtrWeddingCake_Remake_2_0,2_0,12403,fztuBzC5Wr9WWqCci,False
wedding candle set,Cute,Design,,,False,True,False,1,1200,300,Pink,White,1x1,Wedding Season,,1.2.0,party,expensive,wedding,None,True,Lamp,False,Does not play music,Candle,FtrWeddingCandle_Remake_0_0,0_0,12408,GYpyNywLP3n4LyPuc,False
wedding candle set,Chic,Design,,,False,True,False,1,1200,300,Beige,Yellow,1x1,Wedding Season,,1.2.0,party,expensive,wedding,None,True,Lamp,False,Does not play music,Candle,FtrWeddingCandle_Remake_1_0,1_0,12408,D3pEJWf9Bg43iAyvQ,False
wedding candle set,Garden,Design,,,False,True,False,1,1200,300,White,Yellow,1x1,Wedding Season,,1.2.0,party,expensive,wedding,None,True,Lamp,False,Does not play music,Candle,FtrWeddingCandle_Remake_2_0,2_0,12408,jFufBxLF6JmMr4g6w,False
whale shark model,,,,,False,False,False,,,39000,Black,Black,2x1,C.J.,Trade 3 fish to receive a model in the mail the next day,1.0.0,None,None,None,None,False,Fish,False,Does not play music,No lighting,FtrFishJinbeezameToy,,6961,oreT6N6q6K7FE68dH,False
wharf roach model,,,,,False,False,False,,,600,Beige,Beige,1x1,Flick,Trade 3 insects to receive a model in the mail the next day,1.0.0,None,None,None,None,False,Insect,False,Does not play music,No lighting,FtrInsectFunamushiToy,,7055,BKkgd6pPmzggMovq2,False
windflower fan,Red,Flower color,,,True,True,False,3,,1740,Red,Green,1x1,Crafting,,1.0.0,fancy,None,flowers,None,True,Fan,False,Does not play music,No lighting,FtrFlowerFan_Remake_0_0,0_0,7233,oaX7MF3Jd8gt8j4NK,False
windflower fan,Pink,Flower color,,,True,True,False,3,,1740,Pink,Green,1x1,Crafting,,1.0.0,fancy,None,flowers,None,True,Fan,False,Does not play music,No lighting,FtrFlowerFan_Remake_1_0,1_0,7233,FLxijXqh6Cf9sw7fW,False
windflower fan,Purple,Flower color,,,True,True,False,3,,1740,Purple,Green,1x1,Crafting,,1.0.0,fancy,None,flowers,None,True,Fan,False,Does not play music,No lighting,FtrFlowerFan_Remake_2_0,2_0,7233,WwAJ95Ns9Yhe7Y6YH,False
Wobbling Zipper toy,,,,,True,False,False,,,9600,Yellow,Light blue,1x1,Crafting,,1.1.0,fancy,child's room,Bunny Day,None,True,Easter,False,Does not play music,No lighting,FtrDollPyn,,12412,KeTnJzYWzz656gdmi,False
wooden fish,Camphor-tree wood,Lumber type,,,True,True,False,1,,360,Orange,Red,1x1,Crafting,,1.0.0,zen-style,None,None,None,True,Musical Instrument,False,Does not play music,No lighting,FtrMokugyo_Remake_0_0,0_0,4124,jpD7fvvjRkw9Wd5de,False
wooden fish,Unfinished wood,Lumber type,,,True,True,False,1,,360,Beige,Red,1x1,Crafting,,1.0.0,zen-style,None,None,None,True,Musical Instrument,False,Does not play music,No lighting,FtrMokugyo_Remake_1_0,1_0,4124,ReQSHmj4zvszqWeRH,False
wooden fish,Zelkova wood,Lumber type,,,True,True,False,1,,360,Brown,Yellow,1x1,Crafting,,1.0.0,zen-style,None,None,None,True,Musical Instrument,False,Does not play music,No lighting,FtrMokugyo_Remake_2_0,2_0,4124,fuFA3WdgssRS7YEFh,False
wooden table mirror,Light wood,Paint color,,,True,True,False,2,,1110,Yellow,Yellow,1x1,Crafting,,1.0.0,child's room,living room,wooden,None,True,Dresser,False,Does not play music,No lighting,FtrWoodenMirrorS_Remake_0_0,0_0,8826,mbE6PD6F7DR4pjXfS,False
wooden table mirror,White wood,Paint color,,,True,True,False,2,,1110,Beige,Beige,1x1,Crafting,,1.0.0,child's room,living room,wooden,None,True,Dresser,False,Does not play music,No lighting,FtrWoodenMirrorS_Remake_1_0,1_0,8826,xivYt4axb2MiC5JeN,False
wooden table mirror,Cherry wood,Paint color,,,True,True,False,2,,1110,Orange,Orange,1x1,Crafting,,1.0.0,child's room,living room,wooden,None,True,Dresser,False,Does not play music,No lighting,FtrWoodenMirrorS_Remake_2_0,2_0,8826,mbooe9XRgDnnYkBzg,False
wooden table mirror,Dark wood,Paint color,,,True,True,False,2,,1110,Brown,Brown,1x1,Crafting,,1.0.0,child's room,living room,wooden,None,True,Dresser,False,Does not play music,No lighting,FtrWoodenMirrorS_Remake_3_0,3_0,8826,ig552C4CmWNN9XyXR,False
wooden table mirror,Black,Paint color,,,True,True,False,2,,1110,Black,Black,1x1,Crafting,,1.0.0,child's room,living room,wooden,None,True,Dresser,False,Does not play music,No lighting,FtrWoodenMirrorS_Remake_4_0,4_0,8826,23mmgemrXCLZ2TayK,False
wooden table mirror,Green,Paint color,,,True,True,False,2,,1110,Green,Green,1x1,Crafting,,1.0.0,child's room,living room,wooden,None,True,Dresser,False,Does not play music,No lighting,FtrWoodenMirrorS_Remake_5_0,5_0,8826,56QKB9qnFtozE35kF,False
wooden table mirror,Blue,Paint color,,,True,True,False,2,,1110,Blue,Blue,1x1,Crafting,,1.0.0,child's room,living room,wooden,None,True,Dresser,False,Does not play music,No lighting,FtrWoodenMirrorS_Remake_6_0,6_0,8826,2YAHB28sHK5gDoChs,False
wooden table mirror,Pink wood,Paint color,,,True,True,False,2,,1110,Pink,Pink,1x1,Crafting,,1.0.0,child's room,living room,wooden,None,True,Dresser,False,Does not play music,No lighting,FtrWoodenMirrorS_Remake_7_0,7_0,8826,frPpexP89GaarAq6a,False
wooden toolbox,Natural,Color,,,True,True,False,3,,1980,Beige,Colorful,1x1,Crafting,,1.0.0,garage,None,wooden,None,False,Supplies,False,Does not play music,No lighting,FtrToolboxWood_Remake_0_0,0_0,7454,hK3mPHNZXbfrJsMjc,False
wooden toolbox,Dark brown,Color,,,True,True,False,3,,1980,Brown,Colorful,1x1,Crafting,,1.0.0,garage,None,wooden,None,False,Supplies,False,Does not play music,No lighting,FtrToolboxWood_Remake_1_0,1_0,7454,amoNHuAwBuxbKfvqa,False
wooden toolbox,Pastel,Color,,,True,True,False,3,,1980,Colorful,Colorful,1x1,Crafting,,1.0.0,garage,None,wooden,None,False,Supplies,False,Does not play music,No lighting,FtrToolboxWood_Remake_2_0,2_0,7454,22Gq46dmJepjzwffY,False
wooden toolbox,Avocado,Color,,,True,True,False,3,,1980,Green,Colorful,1x1,Crafting,,1.0.0,garage,None,wooden,None,False,Supplies,False,Does not play music,No lighting,FtrToolboxWood_Remake_3_0,3_0,7454,eoTvrfc6xxrBbwcno,False
wooden-block toy,Natural,Block color,,,True,True,False,1,,360,Beige,Beige,1x1,Crafting,,1.0.0,child's room,None,wooden block,None,False,Toy,False,Does not play music,No lighting,FtrBlockBrick_Remake_0_0,0_0,3206,zWPSy9goeuKvhLQ58,False
wooden-block toy,Mixed wood,Block color,,,True,True,False,1,,360,Brown,Black,1x1,Crafting,,1.0.0,child's room,None,wooden block,None,False,Toy,False,Does not play music,No lighting,FtrBlockBrick_Remake_1_0,1_0,3206,ChAiL8YqwswkuHdBu,False
wooden-block toy,Colorful,Block color,,,True,True,False,1,,360,Green,Colorful,1x1,Crafting,,1.0.0,child's room,None,wooden block,None,False,Toy,False,Does not play music,No lighting,FtrBlockBrick_Remake_2_0,2_0,3206,dnWLEazGvxQci55zt,False
wooden-block toy,Pastel,Block color,,,True,True,False,1,,360,Light blue,Colorful,1x1,Crafting,,1.0.0,child's room,None,wooden block,None,False,Toy,False,Does not play music,No lighting,FtrBlockBrick_Remake_3_0,3_0,3206,thFvaJrPkCk2Joa9z,False
wooden-block toy,Vivid,Block color,,,True,True,False,1,,360,Red,Colorful,1x1,Crafting,,1.0.0,child's room,None,wooden block,None,False,Toy,False,Does not play music,No lighting,FtrBlockBrick_Remake_4_0,4_0,3206,vCs9NHY9jgceGstqH,False
yellow butterfly model,,,,,False,False,False,,,480,Yellow,Black,1x1,Flick,Trade 3 insects to receive a model in the mail the next day,1.0.0,None,None,None,None,False,Insect,False,Does not play music,No lighting,FtrInsectMonkichoToy,,7084,HzPNLK7BX7DeLSpwx,False
yellow perch model,,,,,False,False,False,,,900,Yellow,Black,1x1,C.J.,Trade 3 fish to receive a model in the mail the next day,1.0.0,None,None,None,None,False,Fish,False,Does not play music,No lighting,FtrFishYellowparchToy,,7028,FN6XXWGFJXsmTX8rE,False
zebra turkeyfish model,,,,,False,False,False,,,1500,Red,Black,1x1,C.J.,Trade 3 fish to receive a model in the mail the next day,1.0.0,None,None,None,None,False,Fish,False,Does not play music,No lighting,FtrFishMinokasagoToy,,7836,ppFmf98PnQ89ywbKg,False
