Name,Variation,DIY,Buy,Sell,Color 1,Color 2,Size,Miles Price,Source,Source Notes,Seasonal Availability,Mannequin Piece,Version,Style,Label Themes,Type,Villager Equippable,Filename,Internal ID,Unique Entry ID,Purchasable
3D glasses,White,False,490,122,White,Colorful,1x1,,Able Sisters,Available from Able Sisters shop only,All Year,False,1.0.0,Active,party,AccessoryEye,True,AccessoryGlassThreed0,4463,FNxEraBTeWRiCvtFu,1
3D glasses,Black,False,490,122,Black,Colorful,1x1,,Able Sisters,Available from Able Sisters shop only,All Year,False,1.0.0,Active,party,AccessoryEye,True,AccessoryGlassThreed1,11020,mM9SXPCcGPfPJAmtm,1
bandage,Beige,False,140,35,Beige,White,1x1,,Able Sisters,Available from either Mable's temporary shop or Able Sisters shop,All Year,True,1.0.0,Active,outdoorsy; comfy; sporty,AccessoryMouth,False,AccessoryMouthBandageSkin,4677,2qFT5iPkk8bREvpkj,1
beak,Yellow,False,490,122,Yellow,Yellow,1x1,,Able Sisters,Available from either Mable's temporary shop or Able Sisters shop,All Year,True,1.0.0,Cute,fairy tale; party; theatrical,AccessoryMouthInvisibleNose,False,AccessoryMouthBeakYellow,3549,T5CpsJi4xBSachNL5,1
birthday shades,Yellow,False,NFS,620,Yellow,Red,1x1,,Birthday,,All Year,False,1.0.0,Gorgeous,party,AccessoryEye,True,AccessoryGlassBirthday0,4510,S6CiB9ZvzBTMhEnDz,0
birthday shades,Pink,False,NFS,620,Pink,Pink,1x1,,Birthday,,All Year,False,1.0.0,Gorgeous,party,AccessoryEye,True,AccessoryGlassBirthday1,11217,g3MPcmAKM4z5h8KYX,0
birthday shades,Red,False,NFS,620,Red,Pink,1x1,,Birthday,,All Year,False,1.0.0,Gorgeous,party,AccessoryEye,True,AccessoryGlassBirthday2,11218,ojXoAAj8Bs2XgRiWB,0
birthday shades,Blue,False,NFS,620,Light blue,Green,1x1,,Birthday,,All Year,False,1.0.0,Gorgeous,party,AccessoryEye,True,AccessoryGlassBirthday3,11219,Yr9mRJaZM44554oTS,0
bottom-rimmed glasses,Red,False,1100,275,Red,Red,1x1,,Able Sisters,Available from Able Sisters shop only,All Year,False,1.0.0,Simple,everyday; comfy; work,AccessoryEye,True,AccessoryGlassLoose0,4597,ZHqtvcoqqDpJLf9Pc,1
bottom-rimmed glasses,Purple,False,1100,275,Purple,Purple,1x1,,Able Sisters,Available from Able Sisters shop only,All Year,False,1.0.0,Simple,everyday; comfy; work,AccessoryEye,True,AccessoryGlassLoose1,11081,akRhFD3qeJEPM7WiD,1
bottom-rimmed glasses,Green,False,1100,275,Green,Green,1x1,,Able Sisters,Available from Able Sisters shop only,All Year,False,1.0.0,Simple,everyday; comfy; work,AccessoryEye,True,AccessoryGlassLoose2,11082,EtxJZDCgnqjWkETqK,1
bottom-rimmed glasses,Blue,False,1100,275,Blue,Blue,1x1,,Able Sisters,Available from Able Sisters shop only,All Year,False,1.0.0,Simple,everyday; comfy; work,AccessoryEye,True,AccessoryGlassLoose3,11083,LEbiXtkHoiEMEtjWK,1
bottom-rimmed glasses,Yellow,False,1100,275,Yellow,Yellow,1x1,,Able Sisters,Available from Able Sisters shop only,All Year,True,1.0.0,Simple,everyday; comfy; work,AccessoryEye,True,AccessoryGlassLoose4,11084,w7bEbAGSQTvur6D6f,1
bottom-rimmed glasses,Pink,False,1100,275,Pink,Pink,1x1,,Able Sisters,Available from Able Sisters shop only,All Year,True,1.0.0,Simple,everyday; comfy; work,AccessoryEye,True,AccessoryGlassLoose5,11085,zpzD4NjApEyazKyKt,1
bottom-rimmed glasses,Black,False,1100,275,Black,Black,1x1,,Able Sisters,Available from Able Sisters shop only,All Year,False,1.0.0,Simple,everyday; comfy; work,AccessoryEye,True,AccessoryGlassLoose6,11086,eT6KLntq43nCGFvB9,1
browline glasses,Black,False,1040,260,Black,Yellow,1x1,,Able Sisters,Available from Able Sisters shop only,All Year,True,1.0.0,Simple,everyday; formal,AccessoryEye,True,AccessoryGlassThurmont0,4238,gHxascFKEJNrLCtD9,1
browline glasses,Brown,False,1040,260,Brown,Yellow,1x1,,Able Sisters,Available from Able Sisters shop only,All Year,True,1.0.0,Simple,everyday; formal,AccessoryEye,True,AccessoryGlassThurmont1,11069,9iqmzMJiAeQMBN3pk,1
browline glasses,Green,False,1040,260,Green,Gray,1x1,,Able Sisters,Available from Able Sisters shop only,All Year,False,1.0.0,Simple,everyday; formal,AccessoryEye,True,AccessoryGlassThurmont2,11070,f6h8aqEufzizYBWiH,1
browline glasses,Gray,False,1040,260,Gray,Yellow,1x1,,Able Sisters,Available from Able Sisters shop only,All Year,False,1.0.0,Simple,everyday; formal,AccessoryEye,True,AccessoryGlassThurmont3,11071,R9rDoMEzPcBw75hLE,1
bubblegum,Pink,False,140,35,Pink,Pink,1x1,,Able Sisters,Available from either Mable's temporary shop or Able Sisters shop,All Year,False,1.0.0,Simple,comfy,AccessoryMouth,False,AccessoryMouthBubblegum0,5738,4SLmXuCkS4eBjPbLn,1
bubblegum,Blue,False,140,35,Light blue,Light blue,1x1,,Able Sisters,Available from either Mable's temporary shop or Able Sisters shop,All Year,False,1.0.0,Simple,comfy,AccessoryMouth,False,AccessoryMouthBubblegum1,11027,9wWYKTtMdo9pWqfsM,1
bubblegum,Yellow,False,140,35,Yellow,Yellow,1x1,,Able Sisters,Available from either Mable's temporary shop or Able Sisters shop,All Year,True,1.0.0,Simple,comfy,AccessoryMouth,False,AccessoryMouthBubblegum2,11028,79zoWzHvMBJYcwuAy,1
bubblegum,Green,False,140,35,Green,Green,1x1,,Able Sisters,Available from either Mable's temporary shop or Able Sisters shop,All Year,False,1.0.0,Simple,comfy,AccessoryMouth,False,AccessoryMouthBubblegum3,11029,F3PoMop5MGyaxtKjZ,1
bubblegum,White,False,140,35,White,White,1x1,,Able Sisters,Available from either Mable's temporary shop or Able Sisters shop,All Year,False,1.0.0,Simple,comfy,AccessoryMouth,False,AccessoryMouthBubblegum4,11030,r9N2a2TYhvXBKiihn,1
bunny nose,Pink,False,560,140,Pink,Pink,1x1,,Able Sisters,Available from Able Sisters shop only,All Year,False,1.0.0,Cute,fairy tale; party; theatrical,AccessoryMouthInvisibleNose,False,AccessoryMouthRabbit0,4600,bxWYgcp2YKCdKe8Cr,1
bunny nose,Yellow,False,560,140,Yellow,Orange,1x1,,Able Sisters,Available from Able Sisters shop only,All Year,False,1.0.0,Cute,fairy tale; party; theatrical,AccessoryMouthInvisibleNose,False,AccessoryMouthRabbit1,11023,y6Dp62aNQn5ixvkwf,1
bunny nose,White,False,560,140,White,Red,1x1,,Able Sisters,Available from Able Sisters shop only,All Year,False,1.0.0,Cute,fairy tale; party; theatrical,AccessoryMouthInvisibleNose,False,AccessoryMouthRabbit2,11024,ci8RKqDmqS5wD3W5k,1
butterfly shades,Blue,False,1040,260,Black,Blue,1x1,,Able Sisters,Available from either Mable's temporary shop or Able Sisters shop,All Year,True,1.0.0,Cool,outdoorsy,AccessoryEye,True,AccessoryGlassButterfly0,4608,WjbaLp9JbBGYRrb6K,1
butterfly shades,Red,False,1040,260,Red,Brown,1x1,,Able Sisters,Available from either Mable's temporary shop or Able Sisters shop,All Year,True,1.0.0,Cool,outdoorsy,AccessoryEye,True,AccessoryGlassButterfly1,11503,AZrrNvHghPTHobKL4,1
butterfly shades,Brown,False,1040,260,Brown,Brown,1x1,,Able Sisters,Available from either Mable's temporary shop or Able Sisters shop,All Year,False,1.0.0,Cool,outdoorsy,AccessoryEye,True,AccessoryGlassButterfly2,11504,rz3Pgs5XGNiQFa3t4,1
candy-skull mask,Purple,False,NFS,800,White,Purple,1x1,,Gulliver,,All Year,False,1.0.0,Gorgeous,formal; party; theatrical,AccessoryEyeMouthInvisibleNose,False,AccessoryGlassmouthCatrina0,5666,GT3LzQZKg29riohcP,0
candy-skull mask,Orange,False,NFS,800,White,Orange,1x1,,Gulliver,,All Year,False,1.0.0,Gorgeous,formal; party; theatrical,AccessoryEyeMouthInvisibleNose,False,AccessoryGlassmouthCatrina1,11169,xyQdqFuAkXkNs9qQ5,0
candy-skull mask,Blue,False,NFS,800,White,Light blue,1x1,,Gulliver,,All Year,False,1.0.0,Gorgeous,formal; party; theatrical,AccessoryEyeMouthInvisibleNose,False,AccessoryGlassmouthCatrina2,11170,fev4af8sNdggceyW9,0
cat nose,White,False,560,140,White,Pink,1x1,,Able Sisters,Available from Able Sisters shop only,All Year,False,1.0.0,Cute,fairy tale; party; theatrical,AccessoryMouthInvisibleNose,False,AccessoryMouthCat0,4483,45Muns9ig4dqrsFF7,1
cat nose,Brown,False,560,140,Brown,Beige,1x1,,Able Sisters,Available from Able Sisters shop only,All Year,False,1.0.0,Cute,fairy tale; party; theatrical,AccessoryMouthInvisibleNose,False,AccessoryMouthCat1,11021,CXDCEFzBdv8DwkCyM,1
cat nose,Navy blue,False,560,140,Blue,Black,1x1,,Able Sisters,Available from Able Sisters shop only,All Year,False,1.0.0,Cute,fairy tale; party; theatrical,AccessoryMouthInvisibleNose,False,AccessoryMouthCat2,11022,ywdWXRcwKJNMMxDyj,1
cucumber pack,Green,False,490,122,Green,Green,1x1,,Able Sisters,Available from either Mable's temporary shop or Able Sisters shop,All Year,True,1.0.0,Simple,comfy,AccessoryMouth,False,AccessoryMouthCucumber,4491,MhbCBrYX5fHxZWDuA,1
curly mustache,Black,False,700,175,Colorful,Colorful,1x1,,Able Sisters,Available from Able Sisters shop only,All Year,False,1.0.0,Simple,fairy tale; formal; party,AccessoryMouthEarJaw,False,AccessoryMouthRollingmustacheBlack,4672,9tyCrNPeibcu5NLo8,1
cyber shades,Red,False,1300,325,Red,Black,1x1,,Able Sisters,Available from Able Sisters shop only,All Year,False,1.0.0,Active,party; theatrical,AccessoryEye,True,AccessoryGlassCyber0,4552,3YPuxxPLkzwwNQMQd,1
cyber shades,Black,False,1300,325,Black,Black,1x1,,Able Sisters,Available from Able Sisters shop only,All Year,False,1.0.0,Active,party; theatrical,AccessoryEye,True,AccessoryGlassCyber1,11498,67BAc4y8aADafp9Xk,1
cyber shades,Silver,False,1300,325,Gray,Black,1x1,,Able Sisters,Available from Able Sisters shop only,All Year,False,1.0.0,Active,party; theatrical,AccessoryEye,True,AccessoryGlassCyber2,11499,AKakpCweRnd5hAsRB,1
cyber shades,Purple,False,1300,325,Purple,Black,1x1,,Able Sisters,Available from Able Sisters shop only,All Year,False,1.0.0,Active,party; theatrical,AccessoryEye,True,AccessoryGlassCyber3,11500,y2svNHScnr8cNZe86,1
cyber shades,Green,False,1300,325,Green,Black,1x1,,Able Sisters,Available from Able Sisters shop only,All Year,False,1.0.0,Active,party; theatrical,AccessoryEye,True,AccessoryGlassCyber4,11501,9izTCDGHSpqWrQp6T,1
cyber shades,Yellow,False,1300,325,Yellow,Black,1x1,,Able Sisters,Available from Able Sisters shop only,All Year,False,1.0.0,Active,party; theatrical,AccessoryEye,True,AccessoryGlassCyber5,11502,5pk9ZMDGsEzLqp24L,1
DAL eye mask,Blue,False,NFS,1010,Blue,Blue,1x1,,Dodo Airlines,Received in mail from DAL after taking certain numbers of flights,All Year,False,1.0.0,Simple,comfy; vacation,AccessoryEye,True,AccessoryGlassDalmask0,12128,sbkqQrHpJWMEEZLSR,0
DAL sunglasses,Yellow,False,NFS,1010,Yellow,Blue,1x1,,Dodo Airlines,Received in mail from DAL after taking certain numbers of flights,All Year,False,1.0.0,Gorgeous,comfy; vacation,AccessoryEye,True,AccessoryGlassDalglass0,12129,zRnkH9B3rYNMLpiTP,0
doctor's mask,White,False,140,35,White,White,1x1,,Able Sisters,Available from either Mable's temporary shop or Able Sisters shop,All Year,False,1.0.0,Simple,everyday; goth; comfy,AccessoryMouthEarJaw,False,AccessoryMouthMaskWhite,4451,vZDsrDRdgrbbiwi8N,1
dog nose,White,False,560,140,White,Black,1x1,,Able Sisters,Available from Able Sisters shop only,All Year,False,1.0.0,Cute,fairy tale; party; theatrical,AccessoryMouthInvisibleNose,False,AccessoryMouthDog0,5244,moGRcnkQihHbN89Kc,1
dog nose,Beige,False,560,140,Orange,Black,1x1,,Able Sisters,Available from Able Sisters shop only,All Year,False,1.0.0,Cute,fairy tale; party; theatrical,AccessoryMouthInvisibleNose,False,AccessoryMouthDog1,11025,zCQqXy8HLE7rDfrQf,1
dog nose,Black,False,560,140,Black,Black,1x1,,Able Sisters,Available from Able Sisters shop only,All Year,False,1.0.0,Cute,fairy tale; party; theatrical,AccessoryMouthInvisibleNose,False,AccessoryMouthDog2,11026,9JGbmWtDA3rmjf8Kc,1
double-bridge glasses,Gold,False,1100,275,Yellow,Yellow,1x1,,Able Sisters,Available from Able Sisters shop only,All Year,False,1.0.0,Elegant,comfy; vacation; work,AccessoryEye,True,AccessoryGlassDoublebridge0,4263,8QCnzjXY8KEyqf7Wa,1
double-bridge glasses,Purple,False,1100,275,Purple,Purple,1x1,,Able Sisters,Available from Able Sisters shop only,All Year,True,1.0.0,Elegant,comfy; vacation; work,AccessoryEye,True,AccessoryGlassDoublebridge1,11076,guPGRuhMyqdWYKh8d,1
double-bridge glasses,Silver,False,1100,275,Gray,Gray,1x1,,Able Sisters,Available from Able Sisters shop only,All Year,True,1.0.0,Elegant,comfy; vacation; work,AccessoryEye,True,AccessoryGlassDoublebridge2,11077,CLPEzZqr3vut85Ja4,1
double-bridge glasses,Blue,False,1100,275,Blue,Blue,1x1,,Able Sisters,Available from Able Sisters shop only,All Year,False,1.0.0,Elegant,comfy; vacation; work,AccessoryEye,True,AccessoryGlassDoublebridge3,11078,fD5pteAQtC8CMhq2v,1
drinking-straw glasses,Green,False,560,140,Green,Green,1x1,,Able Sisters,Available from either Mable's temporary shop or Able Sisters shop,All Year,False,1.0.0,Active,comfy; vacation; work,AcceEyeMouth,False,AccessoryGlassmouthStraw0,5773,hMiEGoaE2jYb6kY4e,1
drinking-straw glasses,Blue,False,560,140,Light blue,Light blue,1x1,,Able Sisters,Available from either Mable's temporary shop or Able Sisters shop,All Year,False,1.0.0,Active,comfy; vacation; work,AcceEyeMouth,False,AccessoryGlassmouthStraw1,11010,DNij9RhiMW39MtKWF,1
drinking-straw glasses,Pink,False,560,140,Pink,Pink,1x1,,Able Sisters,Available from either Mable's temporary shop or Able Sisters shop,All Year,False,1.0.0,Active,comfy; vacation; work,AcceEyeMouth,False,AccessoryGlassmouthStraw2,11011,b4G7SFYMTs5YWJ4i5,1
drinking-straw glasses,White,False,560,140,White,White,1x1,,Able Sisters,Available from either Mable's temporary shop or Able Sisters shop,All Year,False,1.0.0,Active,comfy; vacation; work,AcceEyeMouth,False,AccessoryGlassmouthStraw3,11012,bQ67Xe7cQZ4PcXnNe,1
eye mask,Blue,False,560,140,Blue,Black,1x1,,Able Sisters,Available from either Mable's temporary shop or Able Sisters shop,All Year,False,1.0.0,Simple,comfy,AccessoryEye,True,AccessoryGlassMask0,4425,68oXMszxbRtGoe9tH,1
eye mask,Pink,False,560,140,Pink,Black,1x1,,Able Sisters,Available from either Mable's temporary shop or Able Sisters shop,All Year,False,1.0.0,Simple,comfy,AccessoryEye,True,AccessoryGlassMask1,11154,Ck7jeovxpJEQa9BXB,1
eye mask,Gray,False,560,140,Gray,Black,1x1,,Able Sisters,Available from either Mable's temporary shop or Able Sisters shop,All Year,False,1.0.0,Simple,comfy,AccessoryEye,True,AccessoryGlassMask2,11155,FFAmL82w7xmtQyj49,1
eye mask,Green,False,560,140,Green,Black,1x1,,Able Sisters,Available from either Mable's temporary shop or Able Sisters shop,All Year,False,1.0.0,Simple,comfy,AccessoryEye,True,AccessoryGlassMask3,11156,csWKsYtw2k9ADBQpT,1
eye mask,Orange,False,560,140,Orange,Black,1x1,,Able Sisters,Available from either Mable's temporary shop or Able Sisters shop,All Year,False,1.0.0,Simple,comfy,AccessoryEye,True,AccessoryGlassMask4,11157,Gy2FEnpkD9KrRshtd,1
eye mask,Red,False,560,140,Red,Black,1x1,,Able Sisters,Available from either Mable's temporary shop or Able Sisters shop,All Year,False,1.0.0,Simple,comfy,AccessoryEye,True,AccessoryGlassMask5,11158,DN9e9e3kPAvftJL7X,1
eye patch,Black,False,140,35,Black,Black,1x1,,Able Sisters,Available from Able Sisters shop only,All Year,False,1.0.0,Cool,fairy tale; goth,AccessoryOneEye,True,AccessoryGlassPatchBlack,4457,iZoTNGb8htGE8JWEw,1
facial mask,White,False,560,140,White,White,1x1,,Able Sisters,Available from Able Sisters shop only,All Year,False,1.0.0,Simple,goth; comfy,AcceEyeMouth,False,AccessoryGlassmouthPackWhite,4512,KzBY9kLtwTHhHGzR3,1
fake nose,Red,False,490,122,Red,Red,1x1,,Able Sisters,Available from Able Sisters shop only,All Year,False,1.0.0,Cute,fairy tale; party; theatrical,AcceEyeMouth,False,AccessoryGlassmouthNoseRed,4496,chP2wAyDtdSTS3XrF,1
flower sunglasses,Red,False,770,192,Red,Black,1x1,,Able Sisters,Available from either Mable's temporary shop or Able Sisters shop,All Year,False,1.0.0,Cute,party; vacation,AccessoryEye,True,AccessoryGlassFlower0,5739,iJsQqLTdb4gcPwekJ,1
flower sunglasses,Orange,False,770,192,Orange,Black,1x1,,Able Sisters,Available from either Mable's temporary shop or Able Sisters shop,All Year,True,1.0.0,Cute,party; vacation,AccessoryEye,True,AccessoryGlassFlower1,11228,6TygyrRpgFEJRtYAD,1
flower sunglasses,Blue,False,770,192,Blue,Black,1x1,,Able Sisters,Available from either Mable's temporary shop or Able Sisters shop,All Year,False,1.0.0,Cute,party; vacation,AccessoryEye,True,AccessoryGlassFlower2,11229,g4jdQJuTAwEgGWsyH,1
flower sunglasses,Purple,False,770,192,Purple,Black,1x1,,Able Sisters,Available from either Mable's temporary shop or Able Sisters shop,All Year,False,1.0.0,Cute,party; vacation,AccessoryEye,True,AccessoryGlassFlower3,11230,hN8mRmSqAqfBBXqsK,1
flower sunglasses,Green,False,770,192,Green,Black,1x1,,Able Sisters,Available from either Mable's temporary shop or Able Sisters shop,All Year,True,1.0.0,Cute,party; vacation,AccessoryEye,True,AccessoryGlassFlower4,11231,vnNLfafLRpv9vrESq,1
food mess,Pasta,False,490,122,Orange,Beige,1x1,,Able Sisters,Available from either Mable's temporary shop or Able Sisters shop,All Year,False,1.0.0,Simple,comfy,AccessoryMouth,False,AccessoryMouthPasta,5857,ErTpS7LHoG7hZ4bvn,1
funny glasses,Brown,False,1100,275,Brown,Black,1x1,,Able Sisters,Available from Able Sisters shop only,All Year,False,1.0.0,Cute,fairy tale; party; theatrical,AccessoryEye,True,AccessoryGlassEyes0,4513,nvgwq4bKZzDoiTQzw,1
funny glasses,Pink,False,1100,275,Pink,Black,1x1,,Able Sisters,Available from Able Sisters shop only,All Year,False,1.0.0,Cute,fairy tale; party; theatrical,AccessoryEye,True,AccessoryGlassEyes1,11008,4ASpkj55QiocnNkZ2,1
funny glasses,Blue,False,1100,275,Light blue,Black,1x1,,Able Sisters,Available from Able Sisters shop only,All Year,False,1.0.0,Cute,fairy tale; party; theatrical,AccessoryEye,True,AccessoryGlassEyes2,11009,dio9gmQCebNSjSX89,1
gas mask,Black,False,1100,275,Black,Black,1x1,,Able Sisters,Available from Able Sisters shop only,All Year,False,1.0.0,Cool,goth; work,AcceEyeMouth,False,AccessoryGlassmouthGasmask0,4649,cuqWQPfsbkmXz5DuB,1
gas mask,Avocado,False,1100,275,Green,Green,1x1,,Able Sisters,Available from Able Sisters shop only,All Year,False,1.0.0,Cool,goth; work,AcceEyeMouth,False,AccessoryGlassmouthGasmask1,11160,9K9ea2sRHMsPmcX6d,1
glass-bottle glasses,Black,False,1100,275,Black,Gray,1x1,,Able Sisters,Available from either Mable's temporary shop or Able Sisters shop,All Year,False,1.0.0,Simple,comfy; work,AccessoryEye,True,AccessoryGlassBottleBlack,4282,JFtffcGH7WnPnJKtc,1
goatee,Black,False,980,245,Colorful,Colorful,1x1,,Able Sisters,Available from Able Sisters shop only,All Year,True,1.0.0,Cool,everyday; comfy; theatrical,AccessoryMouthEarJaw,False,AccessoryMouthBeardChinBlack,4676,W5S7BC9qA4QMCQEFR,1
goggles,Black,False,560,140,Black,Black,1x1,,Able Sisters,Available from either Mable's temporary shop or Able Sisters shop,Summer,False,1.0.0,Active,outdoorsy; sporty; vacation,AccessoryEye,True,AccessoryGlassGoggles0,4454,3YkDq5TZm3jE8nBL9,1
goggles,Blue,False,560,140,Blue,Blue,1x1,,Able Sisters,Available from either Mable's temporary shop or Able Sisters shop,Summer,False,1.0.0,Active,outdoorsy; sporty; vacation,AccessoryEye,True,AccessoryGlassGoggles1,11484,gozwdhewwK4PmPGFQ,1
goggles,Pink,False,560,140,Pink,Pink,1x1,,Able Sisters,Available from either Mable's temporary shop or Able Sisters shop,Summer,False,1.0.0,Active,outdoorsy; sporty; vacation,AccessoryEye,True,AccessoryGlassGoggles2,11485,49s9b7jcrE8uaFEdR,1
goggles,Green,False,560,140,Green,Green,1x1,,Able Sisters,Available from either Mable's temporary shop or Able Sisters shop,Summer,False,1.0.0,Active,outdoorsy; sporty; vacation,AccessoryEye,True,AccessoryGlassGoggles3,11486,sDjZobRoupcETEKeH,1
goggles,Purple,False,560,140,Purple,Purple,1x1,,Able Sisters,Available from either Mable's temporary shop or Able Sisters shop,Summer,False,1.0.0,Active,outdoorsy; sporty; vacation,AccessoryEye,True,AccessoryGlassGoggles4,11487,kwS6ErrZHdDNXpmbR,1
goggles,Red,False,560,140,Red,Red,1x1,,Able Sisters,Available from either Mable's temporary shop or Able Sisters shop,Summer,False,1.0.0,Active,outdoorsy; sporty; vacation,AccessoryEye,True,AccessoryGlassGoggles5,11488,P8X4Rnuc6WjHTrbkz,1
handlebar mustache,Black,False,1120,280,Colorful,Colorful,1x1,,Able Sisters,Available from Able Sisters shop only,All Year,True,1.0.0,Elegant,fairy tale; formal; theatrical,AccessoryMouth,False,AccessoryMouthBeardBlack,3550,HJfvmuhPDFMN8eRB2,1
heart shades,Pink,False,1040,260,Pink,Blue,1x1,,Able Sisters,Available from either Mable's temporary shop or Able Sisters shop,All Year,True,1.0.0,Cute,party; vacation,AccessoryEye,True,AccessoryGlassHeart0,4237,ZkwfoAxXwqiJav677,1
heart shades,Yellow,False,1040,260,Yellow,Blue,1x1,,Able Sisters,Available from either Mable's temporary shop or Able Sisters shop,All Year,False,1.0.0,Cute,party; vacation,AccessoryEye,True,AccessoryGlassHeart1,11188,jvPC7gmEHvxxgmwfA,1
heart shades,Blue,False,1040,260,Light blue,Blue,1x1,,Able Sisters,Available from either Mable's temporary shop or Able Sisters shop,All Year,False,1.0.0,Cute,party; vacation,AccessoryEye,True,AccessoryGlassHeart2,11189,k2fF9yEC5S3XGsXhX,1
heart shades,Purple,False,1040,260,Purple,Blue,1x1,,Able Sisters,Available from either Mable's temporary shop or Able Sisters shop,All Year,False,1.0.0,Cute,party; vacation,AccessoryEye,True,AccessoryGlassHeart3,11190,3fs7r8mBn9EiGmMT7,1
heart shades,Green,False,1040,260,Green,Blue,1x1,,Able Sisters,Available from either Mable's temporary shop or Able Sisters shop,All Year,False,1.0.0,Cute,party; vacation,AccessoryEye,True,AccessoryGlassHeart4,11191,CbiyKw9gGsMfYzA4g,1
HMD,White,False,2000,500,White,Black,1x1,,Able Sisters,Available from Able Sisters shop only,All Year,False,1.0.0,Cool,comfy,AccessoryEye,True,AccessoryGlassHmdWhite,5182,Hkcb2b5RCvgcXrHvc,1
jester's mask,Black,False,1760,440,Black,White,1x1,,Able Sisters,Available from Able Sisters shop only,All Year,False,1.0.0,Cool,fairy tale; goth; party; theatrical; work,AccessoryEyeMouthInvisibleNose,False,AccessoryGlassmouthPierrot0,4678,5iGdajwpPAQ98B9eE,1
jester's mask,Red,False,1760,440,Red,White,1x1,,Able Sisters,Available from Able Sisters shop only,All Year,False,1.0.0,Cool,fairy tale; goth; party; theatrical; work,AccessoryEyeMouthInvisibleNose,False,AccessoryGlassmouthPierrot1,11166,7HBtvdHttSMJiuA7W,1
jester's mask,Green,False,1760,440,Green,White,1x1,,Able Sisters,Available from Able Sisters shop only,All Year,False,1.0.0,Cool,fairy tale; goth; party; theatrical; work,AccessoryEyeMouthInvisibleNose,False,AccessoryGlassmouthPierrot2,11167,LTCnc3SoDzsffayDr,1
jester's mask,Blue,False,1760,440,Blue,White,1x1,,Able Sisters,Available from Able Sisters shop only,All Year,False,1.0.0,Cool,fairy tale; goth; party; theatrical; work,AccessoryEyeMouthInvisibleNose,False,AccessoryGlassmouthPierrot3,11168,Kpyk7xszcwxgdawqA,1
Labelle sunglasses,Twilight,False,2000,500,Purple,Purple,1x1,,Labelle,,All Year,False,1.0.0,Gorgeous,everyday; formal; party; theatrical; vacation,AccessoryEye,True,AccessoryGlassKate0,9887,2B4ttG2NJS7ZKRimP,1
Labelle sunglasses,Midnight,False,2000,500,Black,Black,1x1,,Labelle,,All Year,False,1.0.0,Gorgeous,everyday; formal; party; theatrical; vacation,AccessoryEye,True,AccessoryGlassKate1,11776,Pk4syNKBscFTBD2mP,1
Labelle sunglasses,Passion,False,2000,500,Red,Red,1x1,,Labelle,,All Year,False,1.0.0,Gorgeous,everyday; formal; party; theatrical; vacation,AccessoryEye,True,AccessoryGlassKate2,11777,TJqYcpQKFaPX6naSj,1
Labelle sunglasses,Ocean,False,2000,500,Blue,Blue,1x1,,Labelle,,All Year,False,1.0.0,Gorgeous,everyday; formal; party; theatrical; vacation,AccessoryEye,True,AccessoryGlassKate3,11778,yWuQ9CtGKLaG7ntW9,1
Labelle sunglasses,Sunset,False,2000,500,Yellow,Yellow,1x1,,Labelle,,All Year,False,1.0.0,Gorgeous,everyday; formal; party; theatrical; vacation,AccessoryEye,True,AccessoryGlassKate4,11779,Km6htuKWbDhQx5v2o,1
Labelle sunglasses,Love,False,2000,500,Pink,Pink,1x1,,Labelle,,All Year,False,1.0.0,Gorgeous,everyday; formal; party; theatrical; vacation,AccessoryEye,True,AccessoryGlassKate5,11780,WHaB5ZbzSPteM5KxG,1
ladder shades,Red,False,880,220,Red,Red,1x1,,Able Sisters,Available from Able Sisters shop only,All Year,False,1.0.0,Active,party; theatrical,AccessoryEye,True,AccessoryGlassBlind0,4464,DErjYKaqmFEkp7RQ3,1
ladder shades,Blue,False,880,220,Blue,Blue,1x1,,Able Sisters,Available from Able Sisters shop only,All Year,False,1.0.0,Active,party; theatrical,AccessoryEye,True,AccessoryGlassBlind1,11002,kbZR8T9YaP2Pb7q6P,1
ladder shades,Green,False,880,220,Green,Green,1x1,,Able Sisters,Available from Able Sisters shop only,All Year,False,1.0.0,Active,party; theatrical,AccessoryEye,True,AccessoryGlassBlind2,11003,wnvu2B7z7M975uCMf,1
ladder shades,Pink,False,880,220,Pink,Pink,1x1,,Able Sisters,Available from Able Sisters shop only,All Year,True,1.0.0,Active,party; theatrical,AccessoryEye,True,AccessoryGlassBlind3,11004,8wvE7HfG9HvK33nTW,1
ladder shades,Yellow,False,880,220,Yellow,Yellow,1x1,,Able Sisters,Available from Able Sisters shop only,All Year,False,1.0.0,Active,party; theatrical,AccessoryEye,True,AccessoryGlassBlind4,11005,mcex6oPn8f8KotnrZ,1
ladder shades,Gold,False,880,220,Brown,Brown,1x1,,Able Sisters,Available from Able Sisters shop only,All Year,False,1.0.0,Active,party; theatrical,AccessoryEye,True,AccessoryGlassBlind5,11006,SF89YKrjwGsa5Dp7t,1
leaf,Green,True,NFS,100,Green,Green,1x1,,Crafting,,All Year,False,1.0.0,Simple,outdoorsy; comfy; vacation,AccessoryMouth,False,AccessoryMouthLeafGreen,4682,XrpTjwp94FwmvXjmE,0
masquerade mask,Purple,False,910,227,Pink,Yellow,1x1,,Able Sisters,Available from Able Sisters shop only,All Year,False,1.0.0,Gorgeous,fairy tale; party; theatrical,AccessoryEye,True,AccessoryGlassVenetian0,4667,vwytnsJLdnFYZdeHR,1
masquerade mask,Black,False,910,227,Black,Yellow,1x1,,Able Sisters,Available from Able Sisters shop only,All Year,False,1.0.0,Gorgeous,fairy tale; party; theatrical,AccessoryEye,True,AccessoryGlassVenetian1,11161,GL9igRSB2nTebNAin,1
masquerade mask,Blue,False,910,227,Blue,Yellow,1x1,,Able Sisters,Available from Able Sisters shop only,All Year,False,1.0.0,Gorgeous,fairy tale; party; theatrical,AccessoryEye,True,AccessoryGlassVenetian2,11162,6yKLSWNnpyXAPKJ4h,1
masquerade mask,Red,False,910,227,Red,Yellow,1x1,,Able Sisters,Available from Able Sisters shop only,All Year,False,1.0.0,Gorgeous,fairy tale; party; theatrical,AccessoryEye,True,AccessoryGlassVenetian3,11163,DknNtTo9sb2jZHDht,1
masquerade mask,Green,False,910,227,Green,Yellow,1x1,,Able Sisters,Available from Able Sisters shop only,All Year,False,1.0.0,Gorgeous,fairy tale; party; theatrical,AccessoryEye,True,AccessoryGlassVenetian4,11164,PEA7Y7djsLQryh4c2,1
masquerade mask,Gold,False,910,227,Orange,Yellow,1x1,,Able Sisters,Available from Able Sisters shop only,All Year,False,1.0.0,Gorgeous,fairy tale; party; theatrical,AccessoryEye,True,AccessoryGlassVenetian5,11165,nzAimcCqJg46jjNiN,1
monocle,Black,False,1100,275,Black,Black,1x1,,Able Sisters,Available from Able Sisters shop only,All Year,True,1.0.0,Elegant,fairy tale; formal; work,AccessoryOneEye,True,AccessoryGlassMonocle0,4462,vtCepd9DjYS2H5vcb,1
monocle,Gold,False,1100,275,Yellow,Yellow,1x1,,Able Sisters,Available from Able Sisters shop only,All Year,False,1.0.0,Elegant,fairy tale; formal; work,AccessoryOneEye,True,AccessoryGlassMonocle1,11000,ghxLRorCD3NWR5h5x,1
monocle,Silver,False,1100,275,Gray,Gray,1x1,,Able Sisters,Available from Able Sisters shop only,All Year,False,1.0.0,Elegant,fairy tale; formal; work,AccessoryOneEye,True,AccessoryGlassMonocle2,11001,tXaLxYbQPqcTZWxej,1
night-vision goggles,Black,False,1560,390,Black,Green,1x1,,Able Sisters,Available from Able Sisters shop only,All Year,False,1.0.0,Active,outdoorsy,AccessoryEye,True,AccessoryGlassNightvisionBlack,5261,sMdtidR3zypRsgSCW,1
Nook Inc. eye mask,Green,False,NFS,2000,Green,White,1x1,400.0,Nook Miles Shop,,All Year,False,1.0.0,Simple,comfy,AccessoryEye,True,AccessoryGlassNook0,9654,n8j5gx4zjuK7tkYKq,0
nose drip,Light blue,False,490,122,Light blue,Light blue,1x1,,Able Sisters,Available from either Mable's temporary shop or Able Sisters shop,All Year,False,1.0.0,Simple,comfy,AccessoryMouth,False,AccessoryMouthJokeDripCyan,5833,9YbFJqBD3hmQkW4Gq,1
octagonal glasses,Gray,False,1100,275,Gray,Gray,1x1,,Able Sisters,Available from Able Sisters shop only,All Year,True,1.0.0,Cute,comfy; vacation; work,AccessoryEye,True,AccessoryGlassOctagon0,4239,dzKG7sMGwFn7EaKjm,1
octagonal glasses,Green,False,1100,275,Green,Green,1x1,,Able Sisters,Available from Able Sisters shop only,All Year,False,1.0.0,Cute,comfy; vacation; work,AccessoryEye,True,AccessoryGlassOctagon1,11072,NME2CQfz2tMbnwLzb,1
octagonal glasses,Purple,False,1100,275,Purple,Purple,1x1,,Able Sisters,Available from Able Sisters shop only,All Year,True,1.0.0,Cute,comfy; vacation; work,AccessoryEye,True,AccessoryGlassOctagon2,11073,Je9RNoLocnJ5kinNQ,1
octagonal glasses,Gold,False,1100,275,Beige,Beige,1x1,,Able Sisters,Available from Able Sisters shop only,All Year,True,1.0.0,Cute,comfy; vacation; work,AccessoryEye,True,AccessoryGlassOctagon3,11074,t5MJmR6fbqXwevjus,1
octagonal glasses,Black,False,1100,275,Black,Black,1x1,,Able Sisters,Available from Able Sisters shop only,All Year,True,1.0.0,Cute,comfy; vacation; work,AccessoryEye,True,AccessoryGlassOctagon4,11075,4FT4YuTQcq3RGo3Ss,1
oval glasses,Green,False,880,220,Green,Green,1x1,,Able Sisters,Available from either Mable's temporary shop or Able Sisters shop,All Year,True,1.0.0,Simple,everyday; work,AccessoryEye,True,AccessoryGlassOval0,4609,jw7KgW9epPat5Pw8W,1
oval glasses,Orange,False,880,220,Orange,Orange,1x1,,Able Sisters,Available from either Mable's temporary shop or Able Sisters shop,All Year,True,1.0.0,Simple,everyday; work,AccessoryEye,True,AccessoryGlassOval1,11087,9AXkAraeTz6TgR6sJ,1
oval glasses,Blue,False,880,220,Light blue,Light blue,1x1,,Able Sisters,Available from either Mable's temporary shop or Able Sisters shop,All Year,False,1.0.0,Simple,everyday; work,AccessoryEye,True,AccessoryGlassOval2,11088,ydCsvEetGaAQ4mNs2,1
oval glasses,Purple,False,880,220,Purple,Purple,1x1,,Able Sisters,Available from either Mable's temporary shop or Able Sisters shop,All Year,False,1.0.0,Simple,everyday; work,AccessoryEye,True,AccessoryGlassOval3,11089,9ZhHgTmKeqZ7fgcNr,1
oval glasses,Magenta,False,880,220,Red,Red,1x1,,Able Sisters,Available from either Mable's temporary shop or Able Sisters shop,All Year,True,1.0.0,Simple,everyday; work,AccessoryEye,True,AccessoryGlassOval4,11090,QBNkZLi9jpeDYMxnQ,1
oval glasses,Mustard,False,880,220,Yellow,Yellow,1x1,,Able Sisters,Available from either Mable's temporary shop or Able Sisters shop,All Year,False,1.0.0,Simple,everyday; work,AccessoryEye,True,AccessoryGlassOval5,11091,uocqzyhP5WHmnH8dj,1
oval glasses,Black,False,880,220,Black,Black,1x1,,Able Sisters,Available from either Mable's temporary shop or Able Sisters shop,All Year,False,1.0.0,Simple,everyday; work,AccessoryEye,True,AccessoryGlassOval6,11092,uuttmaKAruqm7tiKL,1
pacifier,Baby purple,False,560,140,Pink,Pink,1x1,,Able Sisters,Available from either Mable's temporary shop or Able Sisters shop,All Year,False,1.0.0,Cute,comfy,AccessoryMouth,False,AccessoryMouthPacifier0,2298,bK8fXPaAy9f3Nqx9Q,1
pacifier,Baby mint,False,560,140,Light blue,Light blue,1x1,,Able Sisters,Available from either Mable's temporary shop or Able Sisters shop,All Year,False,1.0.0,Cute,comfy,AccessoryMouth,False,AccessoryMouthPacifier1,11013,KMB2YJMHNzESo6Hws,1
pacifier,Baby yellow,False,560,140,Yellow,Yellow,1x1,,Able Sisters,Available from either Mable's temporary shop or Able Sisters shop,All Year,False,1.0.0,Cute,comfy,AccessoryMouth,False,AccessoryMouthPacifier2,11014,iH9JsLkZTan5CQgTt,1
pacifier,Baby green,False,560,140,Green,Green,1x1,,Able Sisters,Available from either Mable's temporary shop or Able Sisters shop,All Year,False,1.0.0,Cute,comfy,AccessoryMouth,False,AccessoryMouthPacifier3,11015,XRyQwLEtt9RwgvtST,1
pacifier,Baby pink,False,560,140,Red,Red,1x1,,Able Sisters,Available from either Mable's temporary shop or Able Sisters shop,All Year,False,1.0.0,Cute,comfy,AccessoryMouth,False,AccessoryMouthPacifier4,11016,iAyukzDt8Kutfpmab,1
pacifier,Baby gray,False,560,140,Gray,Gray,1x1,,Able Sisters,Available from either Mable's temporary shop or Able Sisters shop,All Year,False,1.0.0,Cute,comfy,AccessoryMouth,False,AccessoryMouthPacifier5,11017,aWcYia7rWZ8nhXg37,1
pacifier,Baby blue,False,560,140,Purple,Purple,1x1,,Able Sisters,Available from either Mable's temporary shop or Able Sisters shop,All Year,False,1.0.0,Cute,comfy,AccessoryMouth,False,AccessoryMouthPacifier6,11018,ScuP52AjZHPkhCuGP,1
pacifier,Baby orange,False,560,140,Orange,Orange,1x1,,Able Sisters,Available from either Mable's temporary shop or Able Sisters shop,All Year,False,1.0.0,Cute,comfy,AccessoryMouth,False,AccessoryMouthPacifier7,11019,WZgrieHNMrjuw9Tah,1
pig nose,Pink,False,560,140,Pink,Pink,1x1,,Able Sisters,Available from Able Sisters shop only,All Year,False,1.0.0,Cute,fairy tale; party; theatrical,AccessoryMouthInvisibleNose,False,AccessoryMouthPigPink,4647,H2JSW7YDoTdLr6GTK,1
pilot shades,Black,False,1300,325,Black,Brown,1x1,,Able Sisters,Available from either Mable's temporary shop or Able Sisters shop,All Year,False,1.0.0,Cool,sporty; work,AccessoryEye,True,AccessoryGlassPilot0,4459,wuyb75e6fkA5976yx,1
pilot shades,Gold,False,1300,325,Yellow,Black,1x1,,Able Sisters,Available from either Mable's temporary shop or Able Sisters shop,All Year,True,1.0.0,Cool,sporty; work,AccessoryEye,True,AccessoryGlassPilot1,11214,nBHTPo8pt7eRL47PT,1
pixel shades,Red,False,1320,330,Red,Black,1x1,,Able Sisters,Available from Able Sisters shop only,All Year,True,1.0.0,Cool,party; vacation,AccessoryEye,True,AccessoryGlassDot0,4646,Tp2dC3Dk4chwa4ebr,1
pixel shades,Green,False,1320,330,Green,Black,1x1,,Able Sisters,Available from Able Sisters shop only,All Year,False,1.0.0,Cool,party; vacation,AccessoryEye,True,AccessoryGlassDot1,11223,6tFnu3DhC5HQvqmZ5,1
pixel shades,Blue,False,1320,330,Blue,Black,1x1,,Able Sisters,Available from Able Sisters shop only,All Year,True,1.0.0,Cool,party; vacation,AccessoryEye,True,AccessoryGlassDot2,11224,SbAGGe9yg4EXAw35b,1
pixel shades,Black,False,1320,330,Black,Black,1x1,,Able Sisters,Available from Able Sisters shop only,All Year,False,1.0.0,Cool,party; vacation,AccessoryEye,True,AccessoryGlassDot3,11225,GY4PDqrCZdcPWb4Ep,1
pleather mask,Black,False,770,192,Black,Gray,1x1,,Able Sisters,Available from Able Sisters shop only,All Year,True,1.0.0,Cool,goth,AccessoryMouthEarJaw,False,AccessoryMouthLeatherBlack,6040,aN6Wsxguggh39oBiF,1
post-op patch,White,False,490,122,White,White,1x1,,Able Sisters,Available from either Mable's temporary shop or Able Sisters shop,All Year,False,1.0.0,Simple,goth,AccessoryOneEye,True,AccessoryGlassEyepatchWhite,4452,8Qgoizxz547DtMNd7,1
privacy mask,Black,False,560,140,Black,Black,1x1,,Able Sisters,Available from Able Sisters shop only,All Year,True,1.0.0,Cool,everyday; goth; comfy,AccessoryMouthEarJaw,False,AccessoryMouthCrowBlack,4671,4GDJFfMNHhsaXXrAN,1
reflector,Gray,False,560,140,Gray,Black,1x1,,Able Sisters,Available from Able Sisters shop only,All Year,False,1.0.0,Cool,work,AccessoryEye,True,AccessoryGlassMirrorGray,6039,J4EgETRkyeSESkRB7,1
retro shades,Yellow,False,1560,390,White,Orange,1x1,,Able Sisters,Available from Able Sisters shop only,All Year,False,1.0.0,Elegant,everyday; party; vacation,AccessoryEye,True,AccessoryGlassRetro0,4456,SFFhXhR5sYQzJwXWj,1
retro shades,Green,False,1560,390,Green,Green,1x1,,Able Sisters,Available from Able Sisters shop only,All Year,False,1.0.0,Elegant,everyday; party; vacation,AccessoryEye,True,AccessoryGlassRetro1,11209,zYw3PhLHsw2KZ7TBK,1
retro shades,Red,False,1560,390,Pink,Red,1x1,,Able Sisters,Available from Able Sisters shop only,All Year,True,1.0.0,Elegant,everyday; party; vacation,AccessoryEye,True,AccessoryGlassRetro2,11210,zg6uY6WZNQcopNq67,1
retro shades,Purple,False,1560,390,Pink,Purple,1x1,,Able Sisters,Available from Able Sisters shop only,All Year,False,1.0.0,Elegant,everyday; party; vacation,AccessoryEye,True,AccessoryGlassRetro3,11211,QqEG7ktLKMaXweFzg,1
retro shades,Blue,False,1560,390,Light blue,Green,1x1,,Able Sisters,Available from Able Sisters shop only,All Year,False,1.0.0,Elegant,everyday; party; vacation,AccessoryEye,True,AccessoryGlassRetro4,11212,cJCaAmMdqrHG8uDLH,1
retro shades,Gray,False,1560,390,Gray,Black,1x1,,Able Sisters,Available from Able Sisters shop only,All Year,False,1.0.0,Elegant,everyday; party; vacation,AccessoryEye,True,AccessoryGlassRetro5,11213,6oqHAyihAjKRfH72Z,1
rhinestone shades,Red,False,1040,260,Red,Red,1x1,,Able Sisters,Available from Able Sisters shop only,All Year,False,1.0.0,Gorgeous,party; theatrical; vacation,AccessoryEye,True,AccessoryGlassRhinestone0,4683,BJFhJqt9KuaWGaWuM,1
rhinestone shades,Ochre,False,1040,260,Brown,Black,1x1,,Able Sisters,Available from Able Sisters shop only,All Year,False,1.0.0,Gorgeous,party; theatrical; vacation,AccessoryEye,True,AccessoryGlassRhinestone1,11226,iwtSmya59DpyGFB97,1
rhinestone shades,Purple,False,1040,260,Purple,Black,1x1,,Able Sisters,Available from Able Sisters shop only,All Year,False,1.0.0,Gorgeous,party; theatrical; vacation,AccessoryEye,True,AccessoryGlassRhinestone2,11227,qy2BWYZvJedPJ69yX,1
rimmed glasses,Black,False,630,157,Black,Black,1x1,,Able Sisters,Available from either Mable's temporary shop or Able Sisters shop,All Year,True,1.0.0,Elegant,everyday; formal; work,AccessoryEye,True,AccessoryGlassCircle0,4235,DyPvwyWQK47TL4tjW,1
rimmed glasses,Gold,False,630,157,Yellow,Yellow,1x1,,Able Sisters,Available from either Mable's temporary shop or Able Sisters shop,All Year,False,1.0.0,Elegant,everyday; formal; work,AccessoryEye,True,AccessoryGlassCircle1,11184,xqu5YAX6AmrXR4Qmd,1
rimmed glasses,Gray,False,630,157,Gray,Gray,1x1,,Able Sisters,Available from either Mable's temporary shop or Able Sisters shop,All Year,False,1.0.0,Elegant,everyday; formal; work,AccessoryEye,True,AccessoryGlassCircle2,11185,jA7gAHyzXHk8qBRuq,1
rimmed glasses,Brown,False,630,157,Brown,Brown,1x1,,Able Sisters,Available from either Mable's temporary shop or Able Sisters shop,All Year,True,1.0.0,Elegant,everyday; formal; work,AccessoryEye,True,AccessoryGlassCircle3,11186,RpfNwdBEPoqgF5pkh,1
rimmed glasses,Purple,False,630,157,Purple,Purple,1x1,,Able Sisters,Available from either Mable's temporary shop or Able Sisters shop,All Year,True,1.0.0,Elegant,everyday; formal; work,AccessoryEye,True,AccessoryGlassCircle4,11187,fjKzCMBMhcJNEjsTv,1
round shades,Black,False,1560,390,Black,Black,1x1,,Able Sisters,Available from Able Sisters shop only,All Year,True,1.0.0,Cool,everyday; party; vacation,AccessoryEye,True,AccessoryGlassBoston0,4241,SdqiPF4Fzw8HrPY4k,1
round shades,Green,False,1560,390,Green,Black,1x1,,Able Sisters,Available from Able Sisters shop only,All Year,True,1.0.0,Cool,everyday; party; vacation,AccessoryEye,True,AccessoryGlassBoston1,11196,Mf9c5DHdko9uWo2Hu,1
round shades,Blue,False,1560,390,Blue,Black,1x1,,Able Sisters,Available from Able Sisters shop only,All Year,False,1.0.0,Cool,everyday; party; vacation,AccessoryEye,True,AccessoryGlassBoston2,11197,hyhWF8rW2Y2AkXGTj,1
round shades,Yellow,False,1560,390,Yellow,Black,1x1,,Able Sisters,Available from Able Sisters shop only,All Year,False,1.0.0,Cool,everyday; party; vacation,AccessoryEye,True,AccessoryGlassBoston3,11198,BE37D4h9xHkhRwgmH,1
round shades,Pink,False,1560,390,Pink,Black,1x1,,Able Sisters,Available from Able Sisters shop only,All Year,False,1.0.0,Cool,everyday; party; vacation,AccessoryEye,True,AccessoryGlassBoston4,11199,KFNjnL6rqYckLECFB,1
round shades,Red,False,1560,390,Red,Black,1x1,,Able Sisters,Available from Able Sisters shop only,All Year,True,1.0.0,Cool,everyday; party; vacation,AccessoryEye,True,AccessoryGlassBoston5,11200,Z9bJ6cYkY6hC4mL4o,1
round shades,White,False,1560,390,White,Black,1x1,,Able Sisters,Available from Able Sisters shop only,All Year,False,1.0.0,Cool,everyday; party; vacation,AccessoryEye,True,AccessoryGlassBoston6,11201,z8KywWDutyXSsgXoy,1
round shades,Purple,False,1560,390,Purple,Black,1x1,,Able Sisters,Available from Able Sisters shop only,All Year,False,1.0.0,Cool,everyday; party; vacation,AccessoryEye,True,AccessoryGlassBoston7,11202,fy6sue9jdYtpwh4Aq,1
round tinted shades,Brown,False,880,220,Orange,Brown,1x1,,Able Sisters,Available from either Mable's temporary shop or Able Sisters shop,All Year,True,1.0.0,Simple,everyday; formal,AccessoryEye,True,AccessoryGlassRound0,4607,GdrT6sBLFECRG8LyN,1
round tinted shades,Light brown,False,880,220,Orange,Brown,1x1,,Able Sisters,Available from either Mable's temporary shop or Able Sisters shop,All Year,False,1.0.0,Simple,everyday; formal,AccessoryEye,True,AccessoryGlassRound1,11220,KqtiBXYfKejymQ4Wg,1
round tinted shades,Dark brown,False,880,220,Brown,Brown,1x1,,Able Sisters,Available from either Mable's temporary shop or Able Sisters shop,All Year,True,1.0.0,Simple,everyday; formal,AccessoryEye,True,AccessoryGlassRound2,11221,tfuBgNyNNSXc3o4Q2,1
round tinted shades,Green,False,880,220,Green,Brown,1x1,,Able Sisters,Available from either Mable's temporary shop or Able Sisters shop,All Year,False,1.0.0,Simple,everyday; formal,AccessoryEye,True,AccessoryGlassRound3,11222,CeX6fKZRL2XFK7jnW,1
rounded beard,Black,False,980,245,Colorful,Colorful,1x1,,Able Sisters,Available from Able Sisters shop only,All Year,False,1.0.0,Cool,everyday; comfy; theatrical,AccessoryMouthEarJaw,False,AccessoryMouthBeardRoundBlack,4679,As4RR5kDBbDWqHP69,1
shattered glasses,Black,False,NFS,10,Black,Light blue,1x1,,Recycle bin,,All Year,False,1.0.0,Simple,goth,AccessoryEye,True,AccessoryGlassCrackBlack,4337,9nxh9LSDKZoYjygJg,0
ski goggles,White,False,980,245,Orange,White,1x1,,Able Sisters,Available from Able Sisters shop only,Winter,True,1.0.0,Active,outdoorsy; sporty,AccessoryEye,True,AccessoryGlassGogglesski0,4453,GWhWLPt3sExfeAG2c,1
ski goggles,Yellow,False,980,245,Pink,Yellow,1x1,,Able Sisters,Available from Able Sisters shop only,Winter,False,1.0.0,Active,outdoorsy; sporty,AccessoryEye,True,AccessoryGlassGogglesski1,11479,NwNqq5g2iw4DeMsBY,1
ski goggles,Purple,False,980,245,Green,Blue,1x1,,Able Sisters,Available from Able Sisters shop only,Winter,False,1.0.0,Active,outdoorsy; sporty,AccessoryEye,True,AccessoryGlassGogglesski2,11480,4umKSoR2BWtW6JyFK,1
ski goggles,Pink,False,980,245,Purple,Pink,1x1,,Able Sisters,Available from Able Sisters shop only,Winter,False,1.0.0,Active,outdoorsy; sporty,AccessoryEye,True,AccessoryGlassGogglesski3,11481,RBByDZoTeK5b6jvXn,1
ski goggles,Green,False,980,245,Blue,Green,1x1,,Able Sisters,Available from Able Sisters shop only,Winter,False,1.0.0,Active,outdoorsy; sporty,AccessoryEye,True,AccessoryGlassGogglesski4,11482,SydPBHGEnpRAKuCfq,1
ski goggles,Orange,False,980,245,Light blue,Orange,1x1,,Able Sisters,Available from Able Sisters shop only,Winter,False,1.0.0,Active,outdoorsy; sporty,AccessoryEye,True,AccessoryGlassGogglesski5,11483,vSksuA8nCN72Tq3ji,1
sporty shades,Black,False,1300,325,Black,Orange,1x1,,Able Sisters,Available from either Mable's temporary shop or Able Sisters shop,All Year,False,1.0.0,Active,outdoorsy; sporty,AccessoryEye,True,AccessoryGlassSports0,4458,QkHqffg8X4eTL6PXX,1
sporty shades,White,False,1300,325,White,Orange,1x1,,Able Sisters,Available from either Mable's temporary shop or Able Sisters shop,All Year,False,1.0.0,Active,outdoorsy; sporty,AccessoryEye,True,AccessoryGlassSports1,11489,CA5YASgCBpgL2PSpX,1
sporty shades,Pink,False,1300,325,Pink,Pink,1x1,,Able Sisters,Available from either Mable's temporary shop or Able Sisters shop,All Year,False,1.0.0,Active,outdoorsy; sporty,AccessoryEye,True,AccessoryGlassSports2,11490,GgdcckY8p5Rg5NyTY,1
sporty shades,Lime,False,1300,325,Green,Light blue,1x1,,Able Sisters,Available from either Mable's temporary shop or Able Sisters shop,All Year,False,1.0.0,Active,outdoorsy; sporty,AccessoryEye,True,AccessoryGlassSports3,11491,uwEjreWEdYSbuxXE9,1
sporty shades,Light blue,False,1300,325,Light blue,Blue,1x1,,Able Sisters,Available from either Mable's temporary shop or Able Sisters shop,All Year,False,1.0.0,Active,outdoorsy; sporty,AccessoryEye,True,AccessoryGlassSports4,11492,THB8TWPykhsELXErr,1
square glasses,Brown,False,880,220,Brown,Brown,1x1,,Able Sisters,Available from either Mable's temporary shop or Able Sisters shop,All Year,True,1.0.0,Simple,everyday; formal; work,AccessoryEye,True,AccessoryGlassSquare0,4236,rAzkKijSEqXzoAZKY,1
square glasses,Black,False,880,220,Black,Black,1x1,,Able Sisters,Available from either Mable's temporary shop or Able Sisters shop,All Year,True,1.0.0,Simple,everyday; formal; work,AccessoryEye,True,AccessoryGlassSquare1,11066,LhvFWS5ADiDiPJwai,1
square glasses,Gray,False,880,220,Gray,Gray,1x1,,Able Sisters,Available from either Mable's temporary shop or Able Sisters shop,All Year,False,1.0.0,Simple,everyday; formal; work,AccessoryEye,True,AccessoryGlassSquare2,11067,QxFwFytYcWo5acGtW,1
square glasses,Blue,False,880,220,Blue,Blue,1x1,,Able Sisters,Available from either Mable's temporary shop or Able Sisters shop,All Year,True,1.0.0,Simple,everyday; formal; work,AccessoryEye,True,AccessoryGlassSquare3,11068,CvziuqadDpoQgGK4C,1
stache & glasses,Black,False,770,192,Black,Orange,1x1,,Able Sisters,Available from Able Sisters shop only,All Year,False,1.0.0,Cute,party; theatrical,AcceEyeMouth,True,AccessoryGlassmouthBeard0,4501,s7hDzZ3ajPpK9fnEW,1
stache & glasses,Red,False,770,192,Red,Black,1x1,,Able Sisters,Available from Able Sisters shop only,All Year,False,1.0.0,Cute,party; theatrical,AcceEyeMouth,True,AccessoryGlassmouthBeard1,11007,M8owND8DnAEKA9nuX,1
star shades,Yellow,False,880,220,Yellow,Black,1x1,,Able Sisters,Available from either Mable's temporary shop or Able Sisters shop,All Year,False,1.0.0,Cute,party; vacation,AccessoryEye,True,AccessoryGlassStar0,4240,y4n8SisxyS7dGRWL7,1
star shades,Pink,False,880,220,Pink,Black,1x1,,Able Sisters,Available from either Mable's temporary shop or Able Sisters shop,All Year,False,1.0.0,Cute,party; vacation,AccessoryEye,True,AccessoryGlassStar1,11192,PCZAYraP9kdaqnZy7,1
star shades,Blue,False,880,220,Light blue,Black,1x1,,Able Sisters,Available from either Mable's temporary shop or Able Sisters shop,All Year,True,1.0.0,Cute,party; vacation,AccessoryEye,True,AccessoryGlassStar2,11193,h4zk6rrWiX94jefGH,1
star shades,Purple,False,880,220,Purple,Black,1x1,,Able Sisters,Available from either Mable's temporary shop or Able Sisters shop,All Year,False,1.0.0,Cute,party; vacation,AccessoryEye,True,AccessoryGlassStar3,11194,GiBvxa93RwTN46zhE,1
star shades,Green,False,880,220,Green,Black,1x1,,Able Sisters,Available from either Mable's temporary shop or Able Sisters shop,All Year,False,1.0.0,Cute,party; vacation,AccessoryEye,True,AccessoryGlassStar4,11195,PaF6nho2LRBu5x7Pi,1
steampunk glasses,Green,False,1300,325,Brown,Green,1x1,,Able Sisters,Available from Able Sisters shop only,All Year,False,1.0.0,Gorgeous,fairy tale; theatrical,AccessoryEye,True,AccessoryGlassSteampunk0,4685,uANDLz5EDWphoM3Lc,1
steampunk glasses,Purple,False,1300,325,Brown,Purple,1x1,,Able Sisters,Available from Able Sisters shop only,All Year,False,1.0.0,Gorgeous,fairy tale; theatrical,AccessoryEye,True,AccessoryGlassSteampunk1,11505,Rhhrv89PGEMbdbdPt,1
sticky rice,White,False,490,122,White,White,1x1,,Able Sisters,Available from either Mable's temporary shop or Able Sisters shop,All Year,False,1.0.0,Simple,comfy,AccessoryMouth,False,AccessoryMouthRice,4652,isnXDFfGkHKKB8bMP,1
superhero mask,Black,False,1040,260,Black,Black,1x1,,Able Sisters,Available from Able Sisters shop only,All Year,False,1.0.0,Cool,fairy tale; theatrical; work,AccessoryEye,True,AccessoryGlassHeromaskBlack,4684,fK2Xz8nxAebSkWNdE,1
tiny shades,Gold,False,1100,275,Yellow,Black,1x1,,Able Sisters,Available from either Mable's temporary shop or Able Sisters shop,All Year,True,1.0.0,Cool,fairy tale; formal,AccessoryEye,True,AccessoryGlassMini0,4461,DnZtrKfwj3MAy6PZc,1
tiny shades,Black,False,1100,275,Black,Black,1x1,,Able Sisters,Available from either Mable's temporary shop or Able Sisters shop,All Year,False,1.0.0,Cool,fairy tale; formal,AccessoryEye,True,AccessoryGlassMini1,11215,tCxZoqcR8egLcu4oh,1
tiny shades,Berry red,False,1100,275,Red,Black,1x1,,Able Sisters,Available from either Mable's temporary shop or Able Sisters shop,All Year,False,1.0.0,Cool,fairy tale; formal,AccessoryEye,True,AccessoryGlassMini2,11216,8YkgkHp2z5tycST3j,1
tortoise specs,Brown,False,1040,260,Brown,Orange,1x1,,Able Sisters,Available from either Mable's temporary shop or Able Sisters shop,All Year,True,1.0.0,Simple,everyday; formal,AccessoryEye,True,AccessoryGlassTortoiseshell0,4460,kqomsYL33TB7zaNtY,1
tortoise specs,Beige,False,1040,260,Orange,Beige,1x1,,Able Sisters,Available from either Mable's temporary shop or Able Sisters shop,All Year,False,1.0.0,Simple,everyday; formal,AccessoryEye,True,AccessoryGlassTortoiseshell1,11079,jewJFqgFQTHKyAKTz,1
tortoise specs,Black,False,1040,260,Black,Beige,1x1,,Able Sisters,Available from either Mable's temporary shop or Able Sisters shop,All Year,True,1.0.0,Simple,everyday; formal,AccessoryEye,True,AccessoryGlassTortoiseshell2,11080,fEshNAFDwcyo9v2fX,1
triangle shades,Red,False,880,220,Red,Purple,1x1,,Able Sisters,Available from either Mable's temporary shop or Able Sisters shop,All Year,False,1.0.0,Cute,party; vacation,AccessoryEye,True,AccessoryGlassTriangle0,4242,cw8m5tS85qMGGnpy9,1
triangle shades,Orange,False,880,220,Orange,Purple,1x1,,Able Sisters,Available from either Mable's temporary shop or Able Sisters shop,All Year,False,1.0.0,Cute,party; vacation,AccessoryEye,True,AccessoryGlassTriangle1,11203,cR58LxuFK4Kcxh7fc,1
triangle shades,Blue,False,880,220,Light blue,Purple,1x1,,Able Sisters,Available from either Mable's temporary shop or Able Sisters shop,All Year,False,1.0.0,Cute,party; vacation,AccessoryEye,True,AccessoryGlassTriangle2,11204,xSM4vD2KSok5cjo6p,1
triangle shades,Purple,False,880,220,Purple,Purple,1x1,,Able Sisters,Available from either Mable's temporary shop or Able Sisters shop,All Year,False,1.0.0,Cute,party; vacation,AccessoryEye,True,AccessoryGlassTriangle3,11205,vAuSuBJcAfyMR6wk7,1
triangle shades,Green,False,880,220,Green,Purple,1x1,,Able Sisters,Available from either Mable's temporary shop or Able Sisters shop,All Year,False,1.0.0,Cute,party; vacation,AccessoryEye,True,AccessoryGlassTriangle4,11206,4edkdodmNhmpkSCBo,1
triangle shades,White,False,880,220,White,Purple,1x1,,Able Sisters,Available from either Mable's temporary shop or Able Sisters shop,All Year,False,1.0.0,Cute,party; vacation,AccessoryEye,True,AccessoryGlassTriangle5,11207,QpAQQTRoBmcjNBeEK,1
triangle shades,Black,False,880,220,Black,Purple,1x1,,Able Sisters,Available from either Mable's temporary shop or Able Sisters shop,All Year,False,1.0.0,Cute,party; vacation,AccessoryEye,True,AccessoryGlassTriangle6,11208,vGHab8KFNDFRgW5h6,1
wooden-frame glasses,Brown,False,1560,390,Brown,Gray,1x1,,Able Sisters,Available from either Mable's temporary shop or Able Sisters shop,All Year,True,1.0.0,Simple,everyday; formal; work,AccessoryEye,True,AccessoryGlassWood0,4669,dbnqry4vZBvK6LrS2,1
wooden-frame glasses,Dark brown,False,1560,390,Brown,Yellow,1x1,,Able Sisters,Available from either Mable's temporary shop or Able Sisters shop,All Year,True,1.0.0,Simple,everyday; formal; work,AccessoryEye,True,AccessoryGlassWood1,11093,2MufTC9TPErbryyKS,1
