Name,Variation,DIY,Buy,Sell,Color 1,Color 2,Size,Miles Price,Source,Source Notes,Seasonal Availability,Mannequin Piece,Version,Style,Label Themes,Villager Equippable,Filename,Internal ID,Unique Entry ID,Purchasable
antique boots,Brown,False,2640.0,660,Brown,Brown,1x1,,Able Sisters,Available from either Mable's temporary shop or Able Sisters shop,All Year,False,1.0.0,Simple,everyday; fairy tale,False,ShoesKneeAntique0,5523,jQ9MMJXSCde9q8NPP,True
antique boots,Black,False,2640.0,660,Black,Black,1x1,,Able Sisters,Available from either Mable's temporary shop or Able Sisters shop,All Year,False,1.0.0,Simple,everyday; fairy tale,False,ShoesKneeAntique1,11689,hpTunJzb4CJPueMW7,True
antique boots,Greige,False,2640.0,660,Beige,Beige,1x1,,Able Sisters,Available from either Mable's temporary shop or Able Sisters shop,All Year,False,1.0.0,Simple,everyday; fairy tale,False,ShoesKneeAntique2,11690,ngk8sGuhSHQoBmwqv,True
armor shoes,Gray,True,,3000,Gray,Gray,1x1,,Crafting,,All Year,False,1.0.0,Cool,fairy tale; goth,False,ShoesKneeKnightIron,5472,osBLFxSiCDnRf8eXR,False
babouches,Blue,False,560.0,140,Light blue,White,1x1,,Kicks,,All Year,False,1.0.0,Cute,comfy; vacation,False,ShoesSandalBaboush0,6043,AvkHgWmEW5vTs4Ckc,True
babouches,Orange,False,560.0,140,Orange,White,1x1,,Kicks,,All Year,False,1.0.0,Cute,comfy; vacation,False,ShoesSandalBaboush1,10109,hzHj4PYSRpa8fkQey,True
babouches,Pink,False,560.0,140,Pink,White,1x1,,Kicks,,All Year,False,1.0.0,Cute,comfy; vacation,False,ShoesSandalBaboush2,10110,KrfcX2z6gFKZziGwx,True
babouches,Yellow,False,560.0,140,Yellow,White,1x1,,Kicks,,All Year,False,1.0.0,Cute,comfy; vacation,False,ShoesSandalBaboush3,10111,BRTZYzjci4T3qodP8,True
babouches,Gray,False,560.0,140,Gray,Yellow,1x1,,Kicks,,All Year,False,1.0.0,Cute,comfy; vacation,False,ShoesSandalBaboush4,10112,N9jHqLCE8WsfZxJHo,True
babouches,Purple,False,560.0,140,Purple,Yellow,1x1,,Kicks,,All Year,False,1.0.0,Cute,comfy; vacation,False,ShoesSandalBaboush5,10113,sth7EXmjdbwzk439A,True
babouches,Mint,False,560.0,140,Green,Yellow,1x1,,Kicks,,All Year,False,1.0.0,Cute,comfy; vacation,False,ShoesSandalBaboush6,10114,okW9rusWLMPm4bcDz,True
babouches,Red,False,560.0,140,Red,Yellow,1x1,,Kicks,,All Year,False,1.0.0,Cute,comfy; vacation,False,ShoesSandalBaboush7,10115,EZKKTpCAN4CEvJJwC,True
ballet slippers,Pink,False,2200.0,550,Pink,Pink,1x1,,Kicks,,All Year,False,1.0.0,Elegant,fairy tale; sporty; theatrical; work,False,ShoesLowcutBallet0,5608,uABG45ozFPCwrBXuS,True
ballet slippers,Mint,False,2200.0,550,Light blue,Light blue,1x1,,Kicks,,All Year,False,1.0.0,Elegant,fairy tale; sporty; theatrical; work,False,ShoesLowcutBallet1,10155,bE4c36LYqcRmkajHL,True
ballet slippers,Blue,False,2200.0,550,Blue,Blue,1x1,,Kicks,,All Year,False,1.0.0,Elegant,fairy tale; sporty; theatrical; work,False,ShoesLowcutBallet2,10156,jJ565rnrzozyhRNYP,True
ballet slippers,Purple,False,2200.0,550,Purple,Purple,1x1,,Kicks,,All Year,False,1.0.0,Elegant,fairy tale; sporty; theatrical; work,False,ShoesLowcutBallet3,10157,kuEQdTi7ZXLw5AZgR,True
ballet slippers,Black,False,2200.0,550,Black,Black,1x1,,Kicks,,All Year,False,1.0.0,Elegant,fairy tale; sporty; theatrical; work,False,ShoesLowcutBallet4,10158,oQNLiop5Do6CH5eTu,True
ballet slippers,White,False,2200.0,550,Beige,Beige,1x1,,Kicks,,All Year,False,1.0.0,Elegant,fairy tale; sporty; theatrical; work,False,ShoesLowcutBallet5,10159,cQt3ftJejYwuPrqWS,True
ballet slippers,Yellow,False,2200.0,550,Yellow,Yellow,1x1,,Kicks,,All Year,False,1.0.0,Elegant,fairy tale; sporty; theatrical; work,False,ShoesLowcutBallet6,10160,Qv7eADgLwdsNuSBZZ,True
ballet slippers,Red,False,2200.0,550,Orange,Orange,1x1,,Kicks,,All Year,False,1.0.0,Elegant,fairy tale; sporty; theatrical; work,False,ShoesLowcutBallet7,10161,CpLSLkvz3Jo982p6e,True
basketball shoes,Red,False,1500.0,375,Red,Black,1x1,,Able Sisters,Available from either Mable's temporary shop or Able Sisters shop,All Year,False,1.0.0,Active,sporty; work,False,ShoesHighcutBasket0,5638,7xRWZmoxAaCxRYMuJ,True
basketball shoes,Green,False,1500.0,375,Green,Black,1x1,,Able Sisters,Available from either Mable's temporary shop or Able Sisters shop,All Year,False,1.0.0,Active,sporty; work,False,ShoesHighcutBasket1,10060,uRRCWDgRkrABjPdyg,True
basketball shoes,Beige,False,1500.0,375,Beige,Black,1x1,,Able Sisters,Available from either Mable's temporary shop or Able Sisters shop,All Year,False,1.0.0,Active,sporty; work,False,ShoesHighcutBasket2,10061,9qivZWfCZucqweqBJ,True
basketball shoes,Orange,False,1500.0,375,Yellow,Black,1x1,,Able Sisters,Available from either Mable's temporary shop or Able Sisters shop,All Year,False,1.0.0,Active,sporty; work,False,ShoesHighcutBasket3,10062,McTum2E4XpJfhavsX,True
basketball shoes,Blue,False,1500.0,375,Blue,Black,1x1,,Able Sisters,Available from either Mable's temporary shop or Able Sisters shop,All Year,True,1.0.0,Active,sporty; work,False,ShoesHighcutBasket4,10063,rixr4TkNPxrXrRRcw,True
basketball shoes,Purple,False,1500.0,375,Purple,Black,1x1,,Able Sisters,Available from either Mable's temporary shop or Able Sisters shop,All Year,False,1.0.0,Active,sporty; work,False,ShoesHighcutBasket5,10064,ryZhP2vjw4vQNiPMx,True
basketball shoes,Light blue,False,1500.0,375,Light blue,Black,1x1,,Able Sisters,Available from either Mable's temporary shop or Able Sisters shop,All Year,False,1.0.0,Active,sporty; work,False,ShoesHighcutBasket6,10065,JhY975aRNditFYyhm,True
basketball shoes,Pink,False,1500.0,375,Pink,Black,1x1,,Able Sisters,Available from either Mable's temporary shop or Able Sisters shop,All Year,False,1.0.0,Active,sporty; work,False,ShoesHighcutBasket7,10066,a7uqKcknGcWHoD43C,True
beaded sandals,Orange,False,1800.0,450,Orange,Colorful,1x1,,Able Sisters,Available from either Mable's temporary shop or Able Sisters shop,Summer,False,1.0.0,Gorgeous,everyday; comfy; vacation,False,ShoesSandalBeads0,5478,otoeZ6wQmT38HECcy,True
beaded sandals,Purple,False,1800.0,450,Purple,Colorful,1x1,,Able Sisters,Available from either Mable's temporary shop or Able Sisters shop,Summer,True,1.0.0,Gorgeous,everyday; comfy; vacation,False,ShoesSandalBeads1,10137,kCEzmje6LKzAuHemd,True
beaded sandals,Yellow,False,1800.0,450,Yellow,Colorful,1x1,,Able Sisters,Available from either Mable's temporary shop or Able Sisters shop,Summer,False,1.0.0,Gorgeous,everyday; comfy; vacation,False,ShoesSandalBeads2,10138,pwpLSaDGk58SSvJYe,True
beaded sandals,Red,False,1800.0,450,Red,Colorful,1x1,,Able Sisters,Available from either Mable's temporary shop or Able Sisters shop,Summer,False,1.0.0,Gorgeous,everyday; comfy; vacation,False,ShoesSandalBeads3,10139,ukMZbdaNwYXQgdzEJ,True
beaded sandals,Green,False,1800.0,450,Green,Colorful,1x1,,Able Sisters,Available from either Mable's temporary shop or Able Sisters shop,Summer,False,1.0.0,Gorgeous,everyday; comfy; vacation,False,ShoesSandalBeads4,10140,Bjzm2LFHF6cwXKbfu,True
beaded sandals,Beige,False,1800.0,450,Beige,Colorful,1x1,,Able Sisters,Available from either Mable's temporary shop or Able Sisters shop,Summer,False,1.0.0,Gorgeous,everyday; comfy; vacation,False,ShoesSandalBeads5,10141,veLWy2EQQ49fq6F7p,True
boots,Green,False,560.0,140,Green,Black,1x1,,Able Sisters,Available from either Mable's temporary shop or Able Sisters shop,All Year,False,1.0.0,Simple,outdoorsy; work,False,ShoesKneeRubberboots0,5479,nvyQe4J4JosazJ46S,True
boots,Black,False,560.0,140,Black,Black,1x1,,Able Sisters,Available from either Mable's temporary shop or Able Sisters shop,All Year,False,1.0.0,Simple,outdoorsy; work,False,ShoesKneeRubberboots1,11685,ffPXk8bFosbBzhxRo,True
boots,Blue,False,560.0,140,Blue,Black,1x1,,Able Sisters,Available from either Mable's temporary shop or Able Sisters shop,All Year,False,1.0.0,Simple,outdoorsy; work,False,ShoesKneeRubberboots2,11686,Hvinu73hgLPsmDkcM,True
boots,Red,False,560.0,140,Red,Black,1x1,,Able Sisters,Available from either Mable's temporary shop or Able Sisters shop,All Year,True,1.0.0,Simple,outdoorsy; work,False,ShoesKneeRubberboots3,11687,MkX86RRKQ9GkwfGaL,True
boots,Olive,False,560.0,140,Yellow,Black,1x1,,Able Sisters,Available from either Mable's temporary shop or Able Sisters shop,All Year,True,1.0.0,Simple,outdoorsy; work,False,ShoesKneeRubberboots4,11688,NGSrsWRHfAtBKqPYz,True
business shoes,Black,False,1300.0,325,Black,Black,1x1,,Able Sisters,Available from Able Sisters shop only,All Year,True,1.0.0,Simple,formal; work,False,ShoesLowcutBusiness0,4730,JxbjRNkGXgodBD8P7,True
business shoes,Brown,False,1300.0,325,Brown,Brown,1x1,,Able Sisters,Available from Able Sisters shop only,All Year,True,1.0.0,Simple,formal; work,False,ShoesLowcutBusiness1,11455,sja7tXF4cPCa5hsrH,True
cleats,Blue,False,1200.0,300,Blue,Gray,1x1,,Kicks,,All Year,False,1.0.0,Active,sporty; work,False,ShoesLowcutSpike0,5654,ozSLcS5AH7EbyuvKf,True
cleats,Light blue,False,1200.0,300,Light blue,Gray,1x1,,Kicks,,All Year,False,1.0.0,Active,sporty; work,False,ShoesLowcutSpike1,10245,6kQs9rKWn47gLLs2M,True
cleats,Red,False,1200.0,300,Red,Gray,1x1,,Kicks,,All Year,False,1.0.0,Active,sporty; work,False,ShoesLowcutSpike2,10246,NGWNC246yBWm3snJE,True
cleats,Yellow,False,1200.0,300,Yellow,Gray,1x1,,Kicks,,All Year,False,1.0.0,Active,sporty; work,False,ShoesLowcutSpike3,10247,WkkwqXv9oS59HJzzT,True
cleats,Black,False,1200.0,300,Black,Gray,1x1,,Kicks,,All Year,False,1.0.0,Active,sporty; work,False,ShoesLowcutSpike4,10248,Pr3hHw8YguTL57DwF,True
cleats,Orange,False,1200.0,300,Orange,Gray,1x1,,Kicks,,All Year,False,1.0.0,Active,sporty; work,False,ShoesLowcutSpike5,10249,iiKeEbNN6S9tRZ3st,True
cleats,Green,False,1200.0,300,Green,Gray,1x1,,Kicks,,All Year,False,1.0.0,Active,sporty; work,False,ShoesLowcutSpike6,10250,k2KmPiG39zPaP5aKE,True
cleats,Purple,False,1200.0,300,Purple,Gray,1x1,,Kicks,,All Year,False,1.0.0,Active,sporty; work,False,ShoesLowcutSpike7,10251,QZLqNeTSRQishPzZX,True
comfy sandals,Brown,False,1040.0,260,Brown,Beige,1x1,,Able Sisters,Available from either Mable's temporary shop or Able Sisters shop,Summer,False,1.0.0,Simple,everyday; comfy; vacation,False,ShoesSandalComfort0,5619,bH8H3cpWoFegDZKg3,True
comfy sandals,White,False,1040.0,260,White,Beige,1x1,,Able Sisters,Available from either Mable's temporary shop or Able Sisters shop,Summer,True,1.0.0,Simple,everyday; comfy; vacation,False,ShoesSandalComfort1,10700,7qmEHHQRDzoZwjzqi,True
comfy sandals,Green,False,1040.0,260,Green,Beige,1x1,,Able Sisters,Available from either Mable's temporary shop or Able Sisters shop,Summer,False,1.0.0,Simple,everyday; comfy; vacation,False,ShoesSandalComfort2,10701,XaesMFTS6T3GBL97H,True
comfy sandals,Blue,False,1040.0,260,Blue,Beige,1x1,,Able Sisters,Available from either Mable's temporary shop or Able Sisters shop,Summer,False,1.0.0,Simple,everyday; comfy; vacation,False,ShoesSandalComfort3,10702,BPWe3svCXCzdrtMEr,True
comfy sandals,Red,False,1040.0,260,Red,Beige,1x1,,Able Sisters,Available from either Mable's temporary shop or Able Sisters shop,Summer,False,1.0.0,Simple,everyday; comfy; vacation,False,ShoesSandalComfort4,10703,MQ7rNNpQR9ExjjDeW,True
comfy sandals,Orange,False,1040.0,260,Orange,Beige,1x1,,Able Sisters,Available from either Mable's temporary shop or Able Sisters shop,Summer,False,1.0.0,Simple,everyday; comfy; vacation,False,ShoesSandalComfort5,10704,s4PZf4H5PuJR9XNbk,True
comfy sandals,Yellow,False,1040.0,260,Yellow,Beige,1x1,,Able Sisters,Available from either Mable's temporary shop or Able Sisters shop,Summer,False,1.0.0,Simple,everyday; comfy; vacation,False,ShoesSandalComfort6,10705,t4MnDYkWR9uExZncz,True
comfy sandals,Purple,False,1040.0,260,Purple,Beige,1x1,,Able Sisters,Available from either Mable's temporary shop or Able Sisters shop,Summer,False,1.0.0,Simple,everyday; comfy; vacation,False,ShoesSandalComfort7,10706,zwbeCzpknc63Fptcv,True
cowboy boots,Brown,False,2380.0,595,Brown,Brown,1x1,,Able Sisters,Available from Able Sisters shop only,All Year,True,1.0.0,Elegant,outdoorsy; theatrical; work,False,ShoesKneeWestern0,5643,T59MhhiGhjcnsGnFu,True
cowboy boots,Black,False,2380.0,595,Black,Brown,1x1,,Able Sisters,Available from Able Sisters shop only,All Year,True,1.0.0,Elegant,outdoorsy; theatrical; work,False,ShoesKneeWestern1,11253,qzEjaaYJH93BC2Hh9,True
cowboy boots,Ivory,False,2380.0,595,White,Brown,1x1,,Able Sisters,Available from Able Sisters shop only,All Year,False,1.0.0,Elegant,outdoorsy; theatrical; work,False,ShoesKneeWestern2,11254,xv62ZghErnQR8Q73m,True
cowboy boots,Pink,False,2380.0,595,Pink,Brown,1x1,,Able Sisters,Available from Able Sisters shop only,All Year,False,1.0.0,Elegant,outdoorsy; theatrical; work,False,ShoesKneeWestern3,11255,KgdfPqZxZYhrp4C2x,True
cowboy boots,Blue,False,2380.0,595,Light blue,Brown,1x1,,Able Sisters,Available from Able Sisters shop only,All Year,False,1.0.0,Elegant,outdoorsy; theatrical; work,False,ShoesKneeWestern4,11256,KDAEKS4qY5fpDgQuu,True
cross-belt sandals,Green,False,1040.0,260,Green,Green,1x1,,Able Sisters,Available from Able Sisters shop only,Summer,False,1.0.0,Elegant,everyday; vacation,False,ShoesSandalCrossbelt0,4725,S8PsLoFCGMqX3F6fZ,True
cross-belt sandals,Pink,False,1040.0,260,Pink,Pink,1x1,,Able Sisters,Available from Able Sisters shop only,Summer,False,1.0.0,Elegant,everyday; vacation,False,ShoesSandalCrossbelt1,10121,wmAKDzzYnjbLzxhJ3,True
cross-belt sandals,Gray,False,1040.0,260,Gray,Gray,1x1,,Able Sisters,Available from Able Sisters shop only,Summer,True,1.0.0,Elegant,everyday; vacation,False,ShoesSandalCrossbelt2,10122,qAwap9h6YjWohE39n,True
cross-belt sandals,Brown,False,1040.0,260,Brown,Brown,1x1,,Able Sisters,Available from Able Sisters shop only,Summer,False,1.0.0,Elegant,everyday; vacation,False,ShoesSandalCrossbelt3,10123,eNkiMc8xbma2Ymdzx,True
cross-belt sandals,Black,False,1040.0,260,Black,Black,1x1,,Able Sisters,Available from Able Sisters shop only,Summer,False,1.0.0,Elegant,everyday; vacation,False,ShoesSandalCrossbelt4,10124,H8DTJawEDSPC8jf99,True
cross-belt sandals,Purple,False,1040.0,260,Purple,Purple,1x1,,Able Sisters,Available from Able Sisters shop only,Summer,False,1.0.0,Elegant,everyday; vacation,False,ShoesSandalCrossbelt5,10125,PCPv5Mv6SGFnjg8ux,True
cute sneakers,Light blue,False,1260.0,315,Light blue,Pink,1x1,,Able Sisters,Available from either Mable's temporary shop or Able Sisters shop,All Year,True,1.0.0,Cute,everyday; fairy tale,False,ShoesHighcutCute0,5803,WdawbJs9jXzQsuFhx,True
cute sneakers,Green,False,1260.0,315,Green,Yellow,1x1,,Able Sisters,Available from either Mable's temporary shop or Able Sisters shop,All Year,True,1.0.0,Cute,everyday; fairy tale,False,ShoesHighcutCute1,10266,QyYoExD4R6xgzhzw3,True
cute sneakers,Pink,False,1260.0,315,Pink,Purple,1x1,,Able Sisters,Available from either Mable's temporary shop or Able Sisters shop,All Year,True,1.0.0,Cute,everyday; fairy tale,False,ShoesHighcutCute2,10267,9tQTbbf9bPTKu7qWz,True
cute sneakers,Yellow,False,1260.0,315,Yellow,Green,1x1,,Able Sisters,Available from either Mable's temporary shop or Able Sisters shop,All Year,False,1.0.0,Cute,everyday; fairy tale,False,ShoesHighcutCute3,10268,Egxvg95EdXYikxzfF,True
cute sneakers,Purple,False,1260.0,315,Purple,Green,1x1,,Able Sisters,Available from either Mable's temporary shop or Able Sisters shop,All Year,False,1.0.0,Cute,everyday; fairy tale,False,ShoesHighcutCute4,10269,w8pFobgTR68viQLPy,True
cute sneakers,Blue,False,1260.0,315,Blue,Pink,1x1,,Able Sisters,Available from either Mable's temporary shop or Able Sisters shop,All Year,False,1.0.0,Cute,everyday; fairy tale,False,ShoesHighcutCute5,10270,f2oLT3HRXWPPEmpTu,True
DAL slippers,Blue,False,4040.0,1010,Blue,Blue,1x1,,Dodo Airlines,Received in mail from DAL after taking certain numbers of flights,All Year,False,1.0.0,Simple,comfy; vacation,False,AccessoryGlassSlippers0,12130,gg8YSYsr2xNKYS9rd,False
earth-egg shoes,None,True,,800,Red,Yellow,1x1,,Crafting,,All Year,False,1.1.0a,Active,fairy tale; party; theatrical,False,ShoesLowcutEggground0,12455,PXnPHB4ZkaMwv3Y7s,False
embroidered shoes,Red,False,2100.0,525,Red,Pink,1x1,,Kicks,,All Year,False,1.0.0,Elegant,everyday; formal,False,ShoesLowcutEmbroidery0,9847,GpHkK4Gy7yLYxbtcL,True
embroidered shoes,White,False,2100.0,525,White,Pink,1x1,,Kicks,,All Year,False,1.0.0,Elegant,everyday; formal,False,ShoesLowcutEmbroidery1,11987,rzZXksuyaHbm4SMM9,True
embroidered shoes,Black,False,2100.0,525,Black,Pink,1x1,,Kicks,,All Year,False,1.0.0,Elegant,everyday; formal,False,ShoesLowcutEmbroidery2,11988,2JD3QbctqaQhPpBAb,True
embroidered shoes,Blue,False,2100.0,525,Light blue,Pink,1x1,,Kicks,,All Year,False,1.0.0,Elegant,everyday; formal,False,ShoesLowcutEmbroidery3,11989,SuLAcSivQvdYEXHJB,True
faux-fur ankle booties,Olive,False,1450.0,362,Green,White,1x1,,Able Sisters,Available from either Mable's temporary shop or Able Sisters shop,Winter,False,1.0.0,Elegant,everyday; fairy tale; formal; party; theatrical,False,ShoesHighcutFurboots0,5476,5FBywrCNgwAiqhXa7,True
faux-fur ankle booties,Beige,False,1450.0,362,Beige,White,1x1,,Able Sisters,Available from either Mable's temporary shop or Able Sisters shop,Winter,True,1.0.0,Elegant,everyday; fairy tale; formal; party; theatrical,False,ShoesHighcutFurboots1,11682,KAt8hHZ3mDftYYiYt,True
faux-fur ankle booties,Ruby red,False,1450.0,362,Red,Beige,1x1,,Able Sisters,Available from either Mable's temporary shop or Able Sisters shop,Winter,True,1.0.0,Elegant,everyday; fairy tale; formal; party; theatrical,False,ShoesHighcutFurboots2,11683,jdCjhSTkbKzX85LN2,True
faux-fur ankle booties,Navy blue,False,1450.0,362,Blue,Gray,1x1,,Able Sisters,Available from either Mable's temporary shop or Able Sisters shop,Winter,False,1.0.0,Elegant,everyday; fairy tale; formal; party; theatrical,False,ShoesHighcutFurboots3,11684,Dzxt6pdX2LJWacn3H,True
faux-shearling boots,Beige,False,1600.0,400,Beige,White,1x1,,Able Sisters,Available from either Mable's temporary shop or Able Sisters shop,Winter,False,1.0.0,Cute,everyday; outdoorsy,False,ShoesHighcutMouton0,4721,z8A8CEX4Zoxos8ECz,True
faux-shearling boots,Pink,False,1600.0,400,Pink,White,1x1,,Able Sisters,Available from either Mable's temporary shop or Able Sisters shop,Winter,True,1.0.0,Cute,everyday; outdoorsy,False,ShoesHighcutMouton1,11547,pbeHtooPfjRSuwhmY,True
faux-shearling boots,Green,False,1600.0,400,Green,White,1x1,,Able Sisters,Available from either Mable's temporary shop or Able Sisters shop,Winter,True,1.0.0,Cute,everyday; outdoorsy,False,ShoesHighcutMouton2,11548,gyP9Azdy4b7iaCGoH,True
faux-shearling boots,Black,False,1600.0,400,Black,White,1x1,,Able Sisters,Available from either Mable's temporary shop or Able Sisters shop,Winter,False,1.0.0,Cute,everyday; outdoorsy,False,ShoesHighcutMouton3,11549,YksdBvaJ3k6ouj243,True
faux-shearling boots,Gray,False,1600.0,400,Gray,White,1x1,,Able Sisters,Available from either Mable's temporary shop or Able Sisters shop,Winter,True,1.0.0,Cute,everyday; outdoorsy,False,ShoesHighcutMouton4,11550,GG7HfiPFNJvLwh5XC,True
faux-suede sneakers,Green,False,1080.0,270,Green,White,1x1,,Able Sisters,Available from Able Sisters shop only,All Year,True,1.0.0,Simple,everyday; outdoorsy; sporty,False,ShoesLowcutSuede0,6893,8ci7eigwwimo5zHrm,True
faux-suede sneakers,Navy blue,False,1080.0,270,Blue,White,1x1,,Able Sisters,Available from Able Sisters shop only,All Year,True,1.0.0,Simple,everyday; outdoorsy; sporty,False,ShoesLowcutSuede1,10074,gCcxqWq9CrrDemMzu,True
faux-suede sneakers,Beige,False,1080.0,270,Beige,White,1x1,,Able Sisters,Available from Able Sisters shop only,All Year,True,1.0.0,Simple,everyday; outdoorsy; sporty,False,ShoesLowcutSuede2,10075,h7v8F5izpTkwhCo9X,True
faux-suede sneakers,Orange,False,1080.0,270,Orange,White,1x1,,Able Sisters,Available from Able Sisters shop only,All Year,False,1.0.0,Simple,everyday; outdoorsy; sporty,False,ShoesLowcutSuede3,10076,442jYo3kkgtjrfNJw,True
faux-suede sneakers,Pink,False,1080.0,270,Pink,White,1x1,,Able Sisters,Available from Able Sisters shop only,All Year,False,1.0.0,Simple,everyday; outdoorsy; sporty,False,ShoesLowcutSuede4,10077,oqSaR83bRDZiLnibc,True
faux-suede sneakers,Light blue,False,1080.0,270,Light blue,White,1x1,,Able Sisters,Available from Able Sisters shop only,All Year,False,1.0.0,Simple,everyday; outdoorsy; sporty,False,ShoesLowcutSuede5,10078,2h5vwhQBfHf6Qmbzc,True
faux-suede sneakers,Purple,False,1080.0,270,Purple,White,1x1,,Able Sisters,Available from Able Sisters shop only,All Year,False,1.0.0,Simple,everyday; outdoorsy; sporty,False,ShoesLowcutSuede6,10079,3gXbkXjifTka79wk5,True
faux-suede sneakers,Berry red,False,1080.0,270,Red,White,1x1,,Able Sisters,Available from Able Sisters shop only,All Year,True,1.0.0,Simple,everyday; outdoorsy; sporty,False,ShoesLowcutSuede7,10080,PcsAkqLHgZo2yhwSH,True
flip-flops,Blue,False,350.0,87,Blue,Light blue,1x1,,Able Sisters,Available from either Mable's temporary shop or Able Sisters shop,Summer,False,1.0.0,Active,outdoorsy; comfy; sporty; vacation,False,ShoesSandalBeachborder0,5470,b2pTnAJLeY3nCC85w,True
flip-flops,Green,False,350.0,87,Green,Orange,1x1,,Able Sisters,Available from either Mable's temporary shop or Able Sisters shop,Summer,False,1.0.0,Active,outdoorsy; comfy; sporty; vacation,False,ShoesSandalBeachborder1,6922,wjnPzGx8aWE7G6gce,True
flip-flops,Yellow,False,350.0,87,Yellow,Green,1x1,,Able Sisters,Available from either Mable's temporary shop or Able Sisters shop,Summer,False,1.0.0,Active,outdoorsy; comfy; sporty; vacation,False,ShoesSandalBeachborder2,10169,SKNg35jGs9MaLTD77,True
flip-flops,White,False,350.0,87,White,Pink,1x1,,Able Sisters,Available from either Mable's temporary shop or Able Sisters shop,Summer,False,1.0.0,Active,outdoorsy; comfy; sporty; vacation,False,ShoesSandalBeachborder3,10735,43ihwwTdqsQFFdDra,True
flip-flops,Orange,False,350.0,87,Orange,Blue,1x1,,Able Sisters,Available from either Mable's temporary shop or Able Sisters shop,Summer,False,1.0.0,Active,outdoorsy; comfy; sporty; vacation,False,ShoesSandalBeachborder4,10736,A4KkCM8MYzSzgiLxm,True
flip-flops,Light blue,False,350.0,87,Light blue,Orange,1x1,,Able Sisters,Available from either Mable's temporary shop or Able Sisters shop,Summer,False,1.0.0,Active,outdoorsy; comfy; sporty; vacation,False,ShoesSandalBeachborder5,10737,YyhMNsS7x3fugPLzk,True
flip-flops,Pink,False,350.0,87,Pink,Gray,1x1,,Able Sisters,Available from either Mable's temporary shop or Able Sisters shop,Summer,True,1.0.0,Active,outdoorsy; comfy; sporty; vacation,False,ShoesSandalBeachborder6,10738,KzSKyqg45TYFdmmq5,True
flip-flops,Red,False,350.0,87,Red,Yellow,1x1,,Able Sisters,Available from either Mable's temporary shop or Able Sisters shop,Summer,False,1.0.0,Active,outdoorsy; comfy; sporty; vacation,False,ShoesSandalBeachborder7,10739,e49sttYMp9iQhn5JA,True
flower sandals,Yellow,False,1200.0,300,Yellow,White,1x1,,Able Sisters,Available from Able Sisters shop only,Summer,False,1.0.0,Cute,fairy tale; outdoorsy; vacation,False,ShoesSandalFlower0,5475,iKjt4fpKTzWFNoWqv,True
flower sandals,Pink,False,1200.0,300,Red,Pink,1x1,,Able Sisters,Available from Able Sisters shop only,Summer,False,1.0.0,Cute,fairy tale; outdoorsy; vacation,False,ShoesSandalFlower1,10126,CuM8H6yjAxM9hvKbB,True
flower sandals,Green,False,1200.0,300,Green,Green,1x1,,Able Sisters,Available from Able Sisters shop only,Summer,False,1.0.0,Cute,fairy tale; outdoorsy; vacation,False,ShoesSandalFlower2,10127,MvQdXTd5fpze9DrcN,True
flower sandals,Purple,False,1200.0,300,Purple,Purple,1x1,,Able Sisters,Available from Able Sisters shop only,Summer,False,1.0.0,Cute,fairy tale; outdoorsy; vacation,False,ShoesSandalFlower3,10128,vMQexjCj2Egq6S9Tm,True
flower sandals,Blue,False,1200.0,300,Blue,Light blue,1x1,,Able Sisters,Available from Able Sisters shop only,Summer,False,1.0.0,Cute,fairy tale; outdoorsy; vacation,False,ShoesSandalFlower4,10129,iBZH8z7aReKctqLyG,True
flower sandals,Black,False,1200.0,300,Black,Gray,1x1,,Able Sisters,Available from Able Sisters shop only,Summer,False,1.0.0,Cute,fairy tale; outdoorsy; vacation,False,ShoesSandalFlower5,10130,sZKDexuZQqMHvKNha,True
flower sandals,White,False,1200.0,300,White,Gray,1x1,,Able Sisters,Available from Able Sisters shop only,Summer,True,1.0.0,Cute,fairy tale; outdoorsy; vacation,False,ShoesSandalFlower6,10131,zEAdQCRGCGkGXo3zH,True
ghillie brogues,Brown,False,2340.0,585,Brown,Brown,1x1,,Kicks,,All Year,False,1.0.0,Gorgeous,formal; work,False,ShoesLowcutBrogues0,6042,85Ro38Bbgo5G7rSLw,True
ghillie brogues,Black,False,2340.0,585,Black,Black,1x1,,Kicks,,All Year,False,1.0.0,Gorgeous,formal; work,False,ShoesLowcutBrogues1,11477,eFrTYfFkrBdwoSecE,True
ghillie brogues,White,False,2340.0,585,White,White,1x1,,Kicks,,All Year,False,1.0.0,Gorgeous,formal; work,False,ShoesLowcutBrogues2,11478,2mGMrrGvMowcBDYh7,True
gladiator sandals,Brown,False,1800.0,450,Brown,Brown,1x1,,Able Sisters,Available from either Mable's temporary shop or Able Sisters shop,Summer,True,1.0.0,Elegant,everyday; fairy tale; comfy; vacation,False,ShoesSandalGladiator0,5620,b4X3xaeXEp9ChQQr5,True
gladiator sandals,Black,False,1800.0,450,Black,Black,1x1,,Able Sisters,Available from either Mable's temporary shop or Able Sisters shop,Summer,False,1.0.0,Elegant,everyday; fairy tale; comfy; vacation,False,ShoesSandalGladiator1,11251,sKQvzqzGvs2ykcSbz,True
gladiator sandals,Red,False,1800.0,450,Red,Red,1x1,,Able Sisters,Available from either Mable's temporary shop or Able Sisters shop,Summer,False,1.0.0,Elegant,everyday; fairy tale; comfy; vacation,False,ShoesSandalGladiator2,11252,S5PcJMFPpTfkdsrBv,True
gold-armor shoes,Gold,True,,40000,Yellow,Yellow,1x1,,Crafting,,All Year,False,1.0.0,Gorgeous,fairy tale; goth,False,ShoesKneeKnightGold,5524,HE5wbwjxnuqXWwuTq,False
hi-tech sneakers,Orange,False,1260.0,315,Orange,Yellow,1x1,,Able Sisters,Available from Able Sisters shop only,All Year,False,1.0.0,Cool,outdoorsy; sporty,False,ShoesHighcutHightech0,5659,vjJoBSPAnnmMtGJui,True
hi-tech sneakers,Pink,False,1260.0,315,Pink,Green,1x1,,Able Sisters,Available from Able Sisters shop only,All Year,True,1.0.0,Cool,outdoorsy; sporty,False,ShoesHighcutHightech1,10252,PtSjcthWToYvF8son,True
hi-tech sneakers,Green,False,1260.0,315,Green,Light blue,1x1,,Able Sisters,Available from Able Sisters shop only,All Year,False,1.0.0,Cool,outdoorsy; sporty,False,ShoesHighcutHightech2,10253,ZuFY68yoJCdmrLuWr,True
hi-tech sneakers,Light blue,False,1260.0,315,Light blue,Purple,1x1,,Able Sisters,Available from Able Sisters shop only,All Year,True,1.0.0,Cool,outdoorsy; sporty,False,ShoesHighcutHightech3,10254,xasZPBabpo9zFAYMR,True
hi-tech sneakers,Blue,False,1260.0,315,Blue,Red,1x1,,Able Sisters,Available from Able Sisters shop only,All Year,True,1.0.0,Cool,outdoorsy; sporty,False,ShoesHighcutHightech4,10255,QdudohpJ9dc3hANJF,True
high-tops,Gray,False,1080.0,270,Gray,Black,1x1,,Able Sisters,Available from Able Sisters shop only,All Year,False,1.0.0,Simple,everyday; outdoorsy; sporty,False,ShoesHighcutSneaker0,2572,A6PJmQQbeWQc4ks8Q,True
high-tops,Brown,False,1080.0,270,Brown,Black,1x1,,Able Sisters,Available from Able Sisters shop only,All Year,False,1.0.0,Simple,everyday; outdoorsy; sporty,False,ShoesHighcutSneaker1,10039,6bXv8wbDiCDaRHXLb,True
high-tops,Green,False,1080.0,270,Green,Black,1x1,,Able Sisters,Available from Able Sisters shop only,All Year,False,1.0.0,Simple,everyday; outdoorsy; sporty,False,ShoesHighcutSneaker2,10040,HsMaJWumxL4uY8voa,True
high-tops,Blue,False,1080.0,270,Blue,Black,1x1,,Able Sisters,Available from Able Sisters shop only,All Year,False,1.0.0,Simple,everyday; outdoorsy; sporty,False,ShoesHighcutSneaker3,10041,R26LoWHFtNPCiaQnT,True
high-tops,Purple,False,1080.0,270,Purple,Black,1x1,,Able Sisters,Available from Able Sisters shop only,All Year,True,1.0.0,Simple,everyday; outdoorsy; sporty,False,ShoesHighcutSneaker4,10042,ddCRfjPN2Xq2KENQF,True
high-tops,Red,False,1080.0,270,Red,Black,1x1,,Able Sisters,Available from Able Sisters shop only,All Year,True,1.0.0,Simple,everyday; outdoorsy; sporty,False,ShoesHighcutSneaker5,10043,vQJchxGQbFYwCtRtG,True
high-tops,Yellow,False,1080.0,270,Yellow,Black,1x1,,Able Sisters,Available from Able Sisters shop only,All Year,False,1.0.0,Simple,everyday; outdoorsy; sporty,False,ShoesHighcutSneaker6,10044,oJLevZfue26fB7qbq,True
high-tops,White,False,1080.0,270,White,Black,1x1,,Able Sisters,Available from Able Sisters shop only,All Year,True,1.0.0,Simple,everyday; outdoorsy; sporty,False,ShoesHighcutSneaker7,10045,49789htHCpZsBFEYb,True
house slippers,Gray,False,490.0,122,Gray,White,1x1,,Able Sisters,Available from either Mable's temporary shop or Able Sisters shop,All Year,False,1.0.0,Simple,comfy; vacation,False,ShoesSandalRoomborder0,5564,tZ2mLMoSBry5tTdA6,True
house slippers,Navy blue,False,490.0,122,Blue,White,1x1,,Able Sisters,Available from either Mable's temporary shop or Able Sisters shop,All Year,False,1.0.0,Simple,comfy; vacation,False,ShoesSandalRoomborder1,10091,TMeDiovzy92KvCgNT,True
house slippers,Pink,False,490.0,122,Pink,White,1x1,,Able Sisters,Available from either Mable's temporary shop or Able Sisters shop,All Year,True,1.0.0,Simple,comfy; vacation,False,ShoesSandalRoomborder2,10092,BdzMBFw9xgcZPh2cQ,True
house slippers,Yellow,False,490.0,122,Yellow,White,1x1,,Able Sisters,Available from either Mable's temporary shop or Able Sisters shop,All Year,False,1.0.0,Simple,comfy; vacation,False,ShoesSandalRoomborder3,10093,TBB5qAmPTjZHgLRgo,True
house slippers,Green,False,490.0,122,Green,White,1x1,,Able Sisters,Available from either Mable's temporary shop or Able Sisters shop,All Year,False,1.0.0,Simple,comfy; vacation,False,ShoesSandalRoomborder4,10094,6tfgHMCwmTrRZwiQQ,True
house slippers,Blue,False,490.0,122,Light blue,White,1x1,,Able Sisters,Available from either Mable's temporary shop or Able Sisters shop,All Year,False,1.0.0,Simple,comfy; vacation,False,ShoesSandalRoomborder5,10095,3ACsSJTCB2bWPwZqm,True
house slippers,Red,False,490.0,122,Red,White,1x1,,Able Sisters,Available from either Mable's temporary shop or Able Sisters shop,All Year,False,1.0.0,Simple,comfy; vacation,False,ShoesSandalRoomborder6,10096,Hr7KzEdakoD9LEXNL,True
house slippers,Beige,False,490.0,122,Beige,White,1x1,,Able Sisters,Available from either Mable's temporary shop or Able Sisters shop,All Year,False,1.0.0,Simple,comfy; vacation,False,ShoesSandalRoomborder7,10097,B7W2EXnB3QmMEgjbM,True
jester's shoes,Purple,False,1900.0,475,Purple,Red,1x1,,Kicks,,All Year,False,1.0.0,Active,fairy tale; goth; party; theatrical; work,False,ShoesKneeClown0,5639,kFDPkeYy4wcHmPdbQ,True
jester's shoes,Black,False,1900.0,475,Black,Red,1x1,,Kicks,,All Year,False,1.0.0,Active,fairy tale; goth; party; theatrical; work,False,ShoesKneeClown1,11558,niQbfxs5g6937bDmP,True
jester's shoes,Red,False,1900.0,475,Red,Blue,1x1,,Kicks,,All Year,False,1.0.0,Active,fairy tale; goth; party; theatrical; work,False,ShoesKneeClown2,11559,uBt8KnMps2wigFd7x,True
jester's shoes,Green,False,1900.0,475,Green,Yellow,1x1,,Kicks,,All Year,False,1.0.0,Active,fairy tale; goth; party; theatrical; work,False,ShoesKneeClown3,11560,4i7swMp5oRyQE9rTH,True
kiddie sneakers,Red,False,700.0,175,Red,Yellow,1x1,,Kicks,,All Year,False,1.0.0,Active,everyday; outdoorsy; sporty,False,ShoesHighcutSports0,5761,DiPuWBTmBh88DRn5r,True
kiddie sneakers,Blue,False,700.0,175,Blue,Red,1x1,,Kicks,,All Year,False,1.0.0,Active,everyday; outdoorsy; sporty,False,ShoesHighcutSports1,10261,kAr6gcCKT8HoCuSRE,True
kiddie sneakers,Green,False,700.0,175,Green,Blue,1x1,,Kicks,,All Year,False,1.0.0,Active,everyday; outdoorsy; sporty,False,ShoesHighcutSports2,10262,JsrscqqMSNsh3igS7,True
kiddie sneakers,Purple,False,700.0,175,Purple,Orange,1x1,,Kicks,,All Year,False,1.0.0,Active,everyday; outdoorsy; sporty,False,ShoesHighcutSports3,10263,YtsQtuSuRpNJ9K8nJ,True
kiddie sneakers,Silver,False,700.0,175,Gray,Blue,1x1,,Kicks,,All Year,False,1.0.0,Active,everyday; outdoorsy; sporty,False,ShoesHighcutSports4,10264,oxQ6Zq7k9LLPhxMyj,True
kiddie sneakers,Black,False,700.0,175,Black,Red,1x1,,Kicks,,All Year,False,1.0.0,Active,everyday; outdoorsy; sporty,False,ShoesHighcutSports5,10265,xvrKLHrw4cuouBZ4P,True
kimono sandals,Black,False,1600.0,400,Black,Beige,1x1,,Kicks,,All Year,False,1.0.0,Simple,everyday; comfy; theatrical,False,ShoesSandalGeta0,3704,GLnAezFtAC88MkqHv,True
kimono sandals,Red,False,1600.0,400,Red,Beige,1x1,,Kicks,,All Year,False,1.0.0,Simple,everyday; comfy; theatrical,False,ShoesSandalGeta1,10962,9BqtfBqkG7e2XvC5E,True
kimono sandals,Pink,False,1600.0,400,Pink,Beige,1x1,,Kicks,,All Year,False,1.0.0,Simple,everyday; comfy; theatrical,False,ShoesSandalGeta2,10963,euyfneg4wKNBxaRAb,True
kimono sandals,Dark blue,False,1600.0,400,Blue,Beige,1x1,,Kicks,,All Year,False,1.0.0,Simple,everyday; comfy; theatrical,False,ShoesSandalGeta3,10964,GsGxnse3sG9cSK5Qp,True
kimono sandals,Gray,False,1600.0,400,Gray,Beige,1x1,,Kicks,,All Year,False,1.0.0,Simple,everyday; comfy; theatrical,False,ShoesSandalGeta4,10965,EgT778SJG3yj69j9X,True
kimono sandals,Purple,False,1600.0,400,Purple,Beige,1x1,,Kicks,,All Year,False,1.0.0,Simple,everyday; comfy; theatrical,False,ShoesSandalGeta5,10966,jxJh2qEEPq43eW8rE,True
kimono sandals,Yellow,False,1600.0,400,Yellow,Beige,1x1,,Kicks,,All Year,False,1.0.0,Simple,everyday; comfy; theatrical,False,ShoesSandalGeta6,10967,SvCuc7AwtmzkHtGBu,True
kimono sandals,Green,False,1600.0,400,Green,Beige,1x1,,Kicks,,All Year,False,1.0.0,Simple,everyday; comfy; theatrical,False,ShoesSandalGeta7,10968,rzpWkSsb7z9Er4TRC,True
kung-fu shoes,Black,False,1260.0,315,Black,White,1x1,,Kicks,,All Year,False,1.0.0,Active,everyday; sporty,False,ShoesLowcutKungfu0,9846,uNAzFWaTbC7Qsp2cD,True
Labelle pumps,Twilight,False,3500.0,875,Purple,Gray,1x1,,Labelle,,All Year,False,1.0.0,Elegant,everyday; formal; party; theatrical; work,False,ShoesLowcutKateheel0,9884,sEJGhBBxTL7qWJE4M,True
Labelle pumps,Midnight,False,3500.0,875,Black,Gray,1x1,,Labelle,,All Year,False,1.0.0,Elegant,everyday; formal; party; theatrical; work,False,ShoesLowcutKateheel1,11766,WHsTLAXaLK3xxLsGE,True
Labelle pumps,Passion,False,3500.0,875,Red,Gray,1x1,,Labelle,,All Year,False,1.0.0,Elegant,everyday; formal; party; theatrical; work,False,ShoesLowcutKateheel2,11767,a3C3YgvQsLy9jrCNu,True
Labelle pumps,Ocean,False,3500.0,875,Blue,Gray,1x1,,Labelle,,All Year,False,1.0.0,Elegant,everyday; formal; party; theatrical; work,False,ShoesLowcutKateheel3,11768,mSbTfdnHdwzyjQ3E8,True
Labelle pumps,Sunset,False,3500.0,875,Yellow,Gray,1x1,,Labelle,,All Year,False,1.0.0,Elegant,everyday; formal; party; theatrical; work,False,ShoesLowcutKateheel4,11769,tyTvXLX3dX8qtecHz,True
Labelle pumps,Love,False,3500.0,875,Pink,Gray,1x1,,Labelle,,All Year,False,1.0.0,Elegant,everyday; formal; party; theatrical; work,False,ShoesLowcutKateheel5,11770,dtKmyfWf7S2nyer8g,True
Labelle sneakers,Twilight,False,3300.0,825,Purple,Black,1x1,,Labelle,,All Year,False,1.0.0,Cool,everyday; sporty; theatrical,False,ShoesHighcutKatesneaker0,9885,YRtQpMnJxg9nNHL5A,True
Labelle sneakers,Midnight,False,3300.0,825,Black,White,1x1,,Labelle,,All Year,False,1.0.0,Cool,everyday; sporty; theatrical,False,ShoesHighcutKatesneaker1,11771,5hkTnYdABuHSECmDm,True
Labelle sneakers,Passion,False,3300.0,825,Red,Black,1x1,,Labelle,,All Year,False,1.0.0,Cool,everyday; sporty; theatrical,False,ShoesHighcutKatesneaker2,11772,Ed6wWhidegCLG2DAM,True
Labelle sneakers,Ocean,False,3300.0,825,Blue,Black,1x1,,Labelle,,All Year,False,1.0.0,Cool,everyday; sporty; theatrical,False,ShoesHighcutKatesneaker3,11773,unwHxhSKXYSngG4Qj,True
Labelle sneakers,Sunset,False,3300.0,825,Yellow,Black,1x1,,Labelle,,All Year,False,1.0.0,Cool,everyday; sporty; theatrical,False,ShoesHighcutKatesneaker4,11774,GvsavAFMFoXuPMDbR,True
Labelle sneakers,Love,False,3300.0,825,Pink,Black,1x1,,Labelle,,All Year,False,1.0.0,Cool,everyday; sporty; theatrical,False,ShoesHighcutKatesneaker5,11775,sb4a63H75Cd2SbNFA,True
lace-up boots,Black,False,1920.0,480,Black,Black,1x1,,Able Sisters,Available from Able Sisters shop only,All Year,True,1.0.0,Cool,everyday; theatrical,False,ShoesKneeLaceup0,5667,sNmoLH8tnpNCC5X4z,True
lace-up boots,White,False,1920.0,480,White,White,1x1,,Able Sisters,Available from Able Sisters shop only,All Year,False,1.0.0,Cool,everyday; theatrical,False,ShoesKneeLaceup1,11257,vMF7xDM6WkNnoSn5g,True
lace-up boots,Brown,False,1920.0,480,Brown,Brown,1x1,,Able Sisters,Available from Able Sisters shop only,All Year,True,1.0.0,Cool,everyday; theatrical,False,ShoesKneeLaceup2,11258,7ztxnCQz2E5TFXv57,True
lace-up boots,Red,False,1920.0,480,Red,Brown,1x1,,Able Sisters,Available from Able Sisters shop only,All Year,False,1.0.0,Cool,everyday; theatrical,False,ShoesKneeLaceup3,11259,fP7ujb2fhYNT3RWZ7,True
leaf-egg shoes,None,True,,800,Yellow,Orange,1x1,,Crafting,,All Year,False,1.1.0a,Active,fairy tale; party; theatrical,False,ShoesLowcutEggleaf0,12457,LE3RpADLBDaJ7hHNP,False
leopard pumps,Beige,False,1560.0,390,Beige,Brown,1x1,,Able Sisters,Available from Able Sisters shop only,All Year,False,1.0.0,Elegant,everyday; party; theatrical,False,ShoesLowcutLeopard0,5477,Ey7Y3uBu6WKm8y8ct,True
leopard pumps,Gray,False,1560.0,390,Gray,Black,1x1,,Able Sisters,Available from Able Sisters shop only,All Year,True,1.0.0,Elegant,everyday; party; theatrical,False,ShoesLowcutLeopard1,10132,4dWXRYLHywa22CiDJ,True
leopard pumps,Blue,False,1560.0,390,Blue,Blue,1x1,,Able Sisters,Available from Able Sisters shop only,All Year,False,1.0.0,Elegant,everyday; party; theatrical,False,ShoesLowcutLeopard2,10133,AnEBDgrZ4523Ndji9,True
leopard pumps,Green,False,1560.0,390,Green,Green,1x1,,Able Sisters,Available from Able Sisters shop only,All Year,False,1.0.0,Elegant,everyday; party; theatrical,False,ShoesLowcutLeopard3,10134,TcbC2LDWxS5iHeSqm,True
leopard pumps,Purple,False,1560.0,390,Purple,Purple,1x1,,Able Sisters,Available from Able Sisters shop only,All Year,False,1.0.0,Elegant,everyday; party; theatrical,False,ShoesLowcutLeopard4,10135,2nK5kvg7qiEdpxFCN,True
leopard pumps,Pink,False,1560.0,390,Pink,Pink,1x1,,Able Sisters,Available from Able Sisters shop only,All Year,False,1.0.0,Elegant,everyday; party; theatrical,False,ShoesLowcutLeopard5,10136,F9dwiM2YcJy8C8kBZ,True
loafers,Brown,False,1300.0,325,Brown,Brown,1x1,,Able Sisters,Available from Able Sisters shop only,All Year,True,1.0.0,Simple,everyday; formal; work,False,ShoesLowcutLoafers0,4724,XyqDFz4BRSEzksRqq,True
loafers,Black,False,1300.0,325,Black,Black,1x1,,Able Sisters,Available from Able Sisters shop only,All Year,False,1.0.0,Simple,everyday; formal; work,False,ShoesLowcutLoafers1,11449,nKNWYa5dKmARM7SvT,True
loafers,White,False,1300.0,325,White,Brown,1x1,,Able Sisters,Available from Able Sisters shop only,All Year,False,1.0.0,Simple,everyday; formal; work,False,ShoesLowcutLoafers2,11450,pKntHcedJhPRZKHmf,True
loafers,Pink,False,1300.0,325,Pink,Black,1x1,,Able Sisters,Available from Able Sisters shop only,All Year,False,1.0.0,Simple,everyday; formal; work,False,ShoesLowcutLoafers3,11451,fPPRtqopYqbAny4As,True
loafers,Blue,False,1300.0,325,Blue,Black,1x1,,Able Sisters,Available from Able Sisters shop only,All Year,False,1.0.0,Simple,everyday; formal; work,False,ShoesLowcutLoafers4,11452,KZbcJ6Y2azsNN5CQp,True
loafers,Yellow,False,1300.0,325,Yellow,Black,1x1,,Able Sisters,Available from Able Sisters shop only,All Year,False,1.0.0,Simple,everyday; formal; work,False,ShoesLowcutLoafers5,11453,yQbPEnufsfMi3W3bX,True
loafers,Red,False,1300.0,325,Red,Black,1x1,,Able Sisters,Available from Able Sisters shop only,All Year,False,1.0.0,Simple,everyday; formal; work,False,ShoesLowcutLoafers6,11454,PukSQjXvyYzFeZqcD,True
mage's booties,Black,False,1550.0,387,Black,Purple,1x1,,Kicks,,All Year,False,1.0.0,Cool,fairy tale; goth; theatrical,False,ShoesKneeWitch0,6894,tKv2qT7NoEHtYiP4n,True
mage's booties,Blue,False,1550.0,387,Blue,Light blue,1x1,,Kicks,,All Year,False,1.0.0,Cool,fairy tale; goth; theatrical,False,ShoesKneeWitch1,11561,mbi2SGaxxTc9DCKqb,True
mage's booties,White,False,1550.0,387,White,White,1x1,,Kicks,,All Year,False,1.0.0,Cool,fairy tale; goth; theatrical,False,ShoesKneeWitch2,11562,ncnoEonPFECoYQJdP,True
mage's booties,Red,False,1550.0,387,Red,Red,1x1,,Kicks,,All Year,False,1.0.0,Cool,fairy tale; goth; theatrical,False,ShoesKneeWitch3,11563,XczPtA2SGxvdSmuwH,True
mary janes,Black,False,1800.0,450,Black,Black,1x1,,Able Sisters,Available from Able Sisters shop only,All Year,True,1.0.0,Cute,everyday; fairy tale; formal; party; work,False,ShoesLowcutStrap0,5471,tcPAf8PdxWMPJ56TC,True
mary janes,Red,False,1800.0,450,Red,Red,1x1,,Able Sisters,Available from Able Sisters shop only,All Year,False,1.0.0,Cute,everyday; fairy tale; formal; party; work,False,ShoesLowcutStrap1,10162,fhovDJCbyJ4ECSeEr,True
mary janes,White,False,1800.0,450,White,White,1x1,,Able Sisters,Available from Able Sisters shop only,All Year,False,1.0.0,Cute,everyday; fairy tale; formal; party; work,False,ShoesLowcutStrap2,10163,fs9C7jNtLwxKADExm,True
mary janes,Light blue,False,1800.0,450,Light blue,Light blue,1x1,,Able Sisters,Available from Able Sisters shop only,All Year,False,1.0.0,Cute,everyday; fairy tale; formal; party; work,False,ShoesLowcutStrap3,10164,3vTqRmCZpmeQWANB9,True
mary janes,Yellow,False,1800.0,450,Yellow,Yellow,1x1,,Able Sisters,Available from Able Sisters shop only,All Year,False,1.0.0,Cute,everyday; fairy tale; formal; party; work,False,ShoesLowcutStrap4,10165,STYMB3qiDR7pocoAt,True
mary janes,Blue,False,1800.0,450,Blue,Blue,1x1,,Able Sisters,Available from Able Sisters shop only,All Year,True,1.0.0,Cute,everyday; fairy tale; formal; party; work,False,ShoesLowcutStrap5,10166,P2y3oTkbFmXHwSSDx,True
mary janes,Green,False,1800.0,450,Green,Green,1x1,,Able Sisters,Available from Able Sisters shop only,All Year,True,1.0.0,Cute,everyday; fairy tale; formal; party; work,False,ShoesLowcutStrap6,10167,XgJAZ7yWs43DKkfjm,True
mary janes,Pink,False,1800.0,450,Pink,Pink,1x1,,Able Sisters,Available from Able Sisters shop only,All Year,True,1.0.0,Cute,everyday; fairy tale; formal; party; work,False,ShoesLowcutStrap7,10168,HyyFEEoddMkfGhZKN,True
moccasin boots,Camel,False,1120.0,280,Yellow,Beige,1x1,,Able Sisters,Available from Able Sisters shop only,Winter,False,1.0.0,Simple,everyday; comfy; vacation,False,ShoesHighcutMoccasin0,5542,6a8aJ5Ca4uJXRn5cF,True
moccasin boots,Olive,False,1120.0,280,Green,Beige,1x1,,Able Sisters,Available from Able Sisters shop only,Winter,False,1.0.0,Simple,everyday; comfy; vacation,False,ShoesHighcutMoccasin1,11456,6ufhuatgmDBKgNCZL,True
moccasin boots,Beige,False,1120.0,280,Beige,Beige,1x1,,Able Sisters,Available from Able Sisters shop only,Winter,False,1.0.0,Simple,everyday; comfy; vacation,False,ShoesHighcutMoccasin2,11457,L4cyTp779xTQr4dem,True
moccasin boots,Pink,False,1120.0,280,Pink,Beige,1x1,,Able Sisters,Available from Able Sisters shop only,Winter,False,1.0.0,Simple,everyday; comfy; vacation,False,ShoesHighcutMoccasin3,11458,EizwkphgKRHNZjqdS,True
moccasin boots,Black,False,1120.0,280,Black,Beige,1x1,,Able Sisters,Available from Able Sisters shop only,Winter,True,1.0.0,Simple,everyday; comfy; vacation,False,ShoesHighcutMoccasin4,11459,8oSWwD9gw84jXsvEm,True
moccasin boots,Blue,False,1120.0,280,Light blue,Beige,1x1,,Able Sisters,Available from Able Sisters shop only,Winter,False,1.0.0,Simple,everyday; comfy; vacation,False,ShoesHighcutMoccasin5,11460,AzNm6SnygdC6nD69M,True
moccasin boots,Orange,False,1120.0,280,Brown,Beige,1x1,,Able Sisters,Available from Able Sisters shop only,Winter,True,1.0.0,Simple,everyday; comfy; vacation,False,ShoesHighcutMoccasin6,11461,S75a7Lg4LsrZWdE7u,True
moccasins,Camel,False,1080.0,270,Yellow,Brown,1x1,,Able Sisters,Available from Able Sisters shop only,All Year,True,1.0.0,Elegant,everyday; comfy,False,ShoesLowcutMoccasin0,5807,SpvHngyJ9AuiKwYzm,True
moccasins,Red,False,1080.0,270,Red,Black,1x1,,Able Sisters,Available from Able Sisters shop only,All Year,False,1.0.0,Elegant,everyday; comfy,False,ShoesLowcutMoccasin1,11465,tHHXagqyKFSz4f8w8,True
moccasins,Light blue,False,1080.0,270,Light blue,Brown,1x1,,Able Sisters,Available from Able Sisters shop only,All Year,False,1.0.0,Elegant,everyday; comfy,False,ShoesLowcutMoccasin2,11466,DjFwDzv5JsXzbBh7n,True
moccasins,White,False,1080.0,270,White,Black,1x1,,Able Sisters,Available from Able Sisters shop only,All Year,False,1.0.0,Elegant,everyday; comfy,False,ShoesLowcutMoccasin3,11467,EEsaJmPjGLnXNxFKm,True
moccasins,Pink,False,1080.0,270,Pink,Brown,1x1,,Able Sisters,Available from Able Sisters shop only,All Year,False,1.0.0,Elegant,everyday; comfy,False,ShoesLowcutMoccasin4,11468,pBBdogRTWvdxBems7,True
moccasins,Gray,False,1080.0,270,Gray,Black,1x1,,Able Sisters,Available from Able Sisters shop only,All Year,True,1.0.0,Elegant,everyday; comfy,False,ShoesLowcutMoccasin5,11469,4unvwzJxsS3XjpfuB,True
moccasins,Black,False,1080.0,270,Black,Black,1x1,,Able Sisters,Available from Able Sisters shop only,All Year,True,1.0.0,Elegant,everyday; comfy,False,ShoesLowcutMoccasin6,11470,qzZAMBDZCAjRFFD8v,True
Nook Inc. slippers,White,False,,2000,White,Green,1x1,400.0,Nook Miles Shop,,All Year,False,1.0.0,Simple,comfy,False,ShoesSandalRco,5630,Aba2jKEYFb3ZSzoWv,False
outdoor sandals,Green,False,630.0,157,Green,Black,1x1,,Able Sisters,Available from either Mable's temporary shop or Able Sisters shop,Summer,False,1.0.0,Active,outdoorsy; comfy; vacation,False,ShoesSandalOutdoor0,5640,BnWQmdRpMLoHthF3j,True
outdoor sandals,Red,False,630.0,157,Red,Black,1x1,,Able Sisters,Available from either Mable's temporary shop or Able Sisters shop,Summer,False,1.0.0,Active,outdoorsy; comfy; vacation,False,ShoesSandalOutdoor1,10707,mfmnkmNpSzWgKcRsT,True
outdoor sandals,Blue,False,630.0,157,Blue,Black,1x1,,Able Sisters,Available from either Mable's temporary shop or Able Sisters shop,Summer,False,1.0.0,Active,outdoorsy; comfy; vacation,False,ShoesSandalOutdoor2,10708,QaPK5tMTrBohRYkzh,True
outdoor sandals,Purple,False,630.0,157,Purple,Black,1x1,,Able Sisters,Available from either Mable's temporary shop or Able Sisters shop,Summer,False,1.0.0,Active,outdoorsy; comfy; vacation,False,ShoesSandalOutdoor3,10709,6xpDCB24AbaE99KCF,True
outdoor sandals,Yellow,False,630.0,157,Yellow,Black,1x1,,Able Sisters,Available from either Mable's temporary shop or Able Sisters shop,Summer,False,1.0.0,Active,outdoorsy; comfy; vacation,False,ShoesSandalOutdoor4,10710,CvPPDbRnzFKKBSFSC,True
outdoor sandals,Orange,False,630.0,157,Orange,Black,1x1,,Able Sisters,Available from either Mable's temporary shop or Able Sisters shop,Summer,False,1.0.0,Active,outdoorsy; comfy; vacation,False,ShoesSandalOutdoor5,10711,4PqGRqeQ7CzcnXt2P,True
outdoor sandals,White,False,630.0,157,White,Black,1x1,,Able Sisters,Available from either Mable's temporary shop or Able Sisters shop,Summer,False,1.0.0,Active,outdoorsy; comfy; vacation,False,ShoesSandalOutdoor6,10712,iZnEdXRHGkB8upzKY,True
outdoor sandals,Black,False,630.0,157,Black,Black,1x1,,Able Sisters,Available from either Mable's temporary shop or Able Sisters shop,Summer,True,1.0.0,Active,outdoorsy; comfy; vacation,False,ShoesSandalOutdoor7,10713,TxWPbv6SR2kkQ5qW6,True
paw slippers,Pink,False,1260.0,315,Pink,Pink,1x1,,Kicks,,All Year,False,1.0.0,Cute,fairy tale; party; theatrical,False,ShoesLowcutAnimal0,5469,zPA3tiBnSWjb49scP,True
paw slippers,Brown,False,1260.0,315,Brown,Brown,1x1,,Kicks,,All Year,False,1.0.0,Cute,fairy tale; party; theatrical,False,ShoesLowcutAnimal1,10976,QuqDNpdRXWXzHKY9h,True
paw slippers,White,False,1260.0,315,White,White,1x1,,Kicks,,All Year,False,1.0.0,Cute,fairy tale; party; theatrical,False,ShoesLowcutAnimal2,10977,yrXceyd3fyhzg4PDD,True
paw slippers,Blue,False,1260.0,315,Light blue,Light blue,1x1,,Kicks,,All Year,False,1.0.0,Cute,fairy tale; party; theatrical,False,ShoesLowcutAnimal3,10978,moK7LvPta9MKL6WKP,True
paw slippers,Black,False,1260.0,315,Black,Black,1x1,,Kicks,,All Year,False,1.0.0,Cute,fairy tale; party; theatrical,False,ShoesLowcutAnimal4,10979,7uDbKzSsn9M4YjKD8,True
pleather ankle booties,Brown,False,1280.0,320,Brown,Brown,1x1,,Able Sisters,Available from Able Sisters shop only,All Year,True,1.0.0,Elegant,everyday; formal; party,False,ShoesHighcutShortboots0,5474,QSxtJ4L7qnMs3AmhT,True
pleather ankle booties,Black,False,1280.0,320,Black,Black,1x1,,Able Sisters,Available from Able Sisters shop only,All Year,True,1.0.0,Elegant,everyday; formal; party,False,ShoesHighcutShortboots1,11679,ckPxzgw73nbjWg6Bq,True
pleather ankle booties,Green,False,1280.0,320,Green,Green,1x1,,Able Sisters,Available from Able Sisters shop only,All Year,False,1.0.0,Elegant,everyday; formal; party,False,ShoesHighcutShortboots2,11680,zvnxRiA7p4LpjtsD9,True
pleather ankle booties,Mustard,False,1280.0,320,Yellow,Yellow,1x1,,Able Sisters,Available from Able Sisters shop only,All Year,False,1.0.0,Elegant,everyday; formal; party,False,ShoesHighcutShortboots3,11681,ubApDpnHA6xBoteSP,True
pleather sneakers,White,False,700.0,175,White,White,1x1,,Able Sisters,Available from either Mable's temporary shop or Able Sisters shop,All Year,True,1.0.0,Simple,everyday; outdoorsy; sporty,False,ShoesLowcutLeathersneker0,4716,MvyqYcx2cPGoDnG2F,True
pleather sneakers,Black,False,700.0,175,Black,Black,1x1,,Able Sisters,Available from either Mable's temporary shop or Able Sisters shop,All Year,True,1.0.0,Simple,everyday; outdoorsy; sporty,False,ShoesLowcutLeathersneker1,10046,meSAwpgrLaXYTZ6PM,True
pleather sneakers,Red,False,700.0,175,Red,White,1x1,,Able Sisters,Available from either Mable's temporary shop or Able Sisters shop,All Year,False,1.0.0,Simple,everyday; outdoorsy; sporty,False,ShoesLowcutLeathersneker2,10047,6MRPf3xicDyzPnwTT,True
pleather sneakers,Green,False,700.0,175,Green,White,1x1,,Able Sisters,Available from either Mable's temporary shop or Able Sisters shop,All Year,False,1.0.0,Simple,everyday; outdoorsy; sporty,False,ShoesLowcutLeathersneker3,10048,wZN8iiWBhegci4vH8,True
pleather sneakers,Blue,False,700.0,175,Blue,White,1x1,,Able Sisters,Available from either Mable's temporary shop or Able Sisters shop,All Year,False,1.0.0,Simple,everyday; outdoorsy; sporty,False,ShoesLowcutLeathersneker4,10049,TJn6f2GivkPh3wNCW,True
pleather sneakers,Yellow,False,700.0,175,Yellow,White,1x1,,Able Sisters,Available from either Mable's temporary shop or Able Sisters shop,All Year,False,1.0.0,Simple,everyday; outdoorsy; sporty,False,ShoesLowcutLeathersneker5,10050,XkKrKvtQ7WtaoPAFR,True
pleather sneakers,Light blue,False,700.0,175,Light blue,White,1x1,,Able Sisters,Available from either Mable's temporary shop or Able Sisters shop,All Year,False,1.0.0,Simple,everyday; outdoorsy; sporty,False,ShoesLowcutLeathersneker6,10051,YyTT7rtusTv5i2kf7,True
pleather sneakers,Orange,False,700.0,175,Orange,White,1x1,,Able Sisters,Available from either Mable's temporary shop or Able Sisters shop,All Year,False,1.0.0,Simple,everyday; outdoorsy; sporty,False,ShoesLowcutLeathersneker7,10052,hnwirvwCRgHHG9oSM,True
pom-pom boots,Pink,False,1600.0,400,Pink,White,1x1,,Able Sisters,Available from Able Sisters shop only,Winter,False,1.0.0,Cute,fairy tale; party,False,ShoesHighcutBobbles0,5545,ikoDt2wBKC4tMdMTd,True
pom-pom boots,Red,False,1600.0,400,Red,White,1x1,,Able Sisters,Available from Able Sisters shop only,Winter,False,1.0.0,Cute,fairy tale; party,False,ShoesHighcutBobbles1,6860,jwWqyc6DdM7qBStcR,True
pom-pom boots,Yellow,False,1600.0,400,Yellow,White,1x1,,Able Sisters,Available from Able Sisters shop only,Winter,False,1.0.0,Cute,fairy tale; party,False,ShoesHighcutBobbles2,6867,rSXv7GNTw2kzXvDMh,True
pom-pom boots,Purple,False,1600.0,400,Purple,White,1x1,,Able Sisters,Available from Able Sisters shop only,Winter,False,1.0.0,Cute,fairy tale; party,False,ShoesHighcutBobbles3,11691,gNQ8dYScE5ZRJ4F6z,True
pom-pom boots,Green,False,1600.0,400,Green,White,1x1,,Able Sisters,Available from Able Sisters shop only,Winter,False,1.0.0,Cute,fairy tale; party,False,ShoesHighcutBobbles4,11692,6SYe4Ap54nWGsCEFY,True
pom-pom boots,Blue,False,1600.0,400,Blue,White,1x1,,Able Sisters,Available from Able Sisters shop only,Winter,False,1.0.0,Cute,fairy tale; party,False,ShoesHighcutBobbles5,11693,ZbvBuyaGsoBguhSP7,True
pom-pom boots,Black,False,1600.0,400,Gray,Black,1x1,,Able Sisters,Available from Able Sisters shop only,Winter,False,1.0.0,Cute,fairy tale; party,False,ShoesHighcutBobbles6,11694,PyrYHQEgWYw5A5xxe,True
power boots,Red,False,3150.0,787,Red,Gray,1x1,,Kicks,,All Year,False,1.0.0,Active,fairy tale; theatrical; work,False,ShoesKneePowered0,5698,EdeJCph8C4rwyyeDF,True
power boots,Blue,False,3150.0,787,Blue,Green,1x1,,Kicks,,All Year,False,1.0.0,Active,fairy tale; theatrical; work,False,ShoesKneePowered1,11797,7Ps3tA9FuZdMPHFhN,True
power boots,Green,False,3150.0,787,Green,Purple,1x1,,Kicks,,All Year,False,1.0.0,Active,fairy tale; theatrical; work,False,ShoesKneePowered2,11798,hMfdaCgqqdYB5SxcT,True
power boots,Black,False,3150.0,787,Black,Red,1x1,,Kicks,,All Year,False,1.0.0,Active,fairy tale; theatrical; work,False,ShoesKneePowered3,11799,7hsm7pbTKWbeaqHQc,True
rain boots,Yellow,False,490.0,122,Yellow,Yellow,1x1,,Able Sisters,Available from either Mable's temporary shop or Able Sisters shop,All Year,False,1.0.0,Simple,everyday; outdoorsy,False,ShoesKneeRainboots0,4733,QWCYpFbf4JEobjwav,True
rain boots,Green,False,490.0,122,Green,Green,1x1,,Able Sisters,Available from either Mable's temporary shop or Able Sisters shop,All Year,True,1.0.0,Simple,everyday; outdoorsy,False,ShoesKneeRainboots1,11551,R3vuRBSPQ8kMsx4cn,True
rain boots,Blue,False,490.0,122,Blue,Blue,1x1,,Able Sisters,Available from either Mable's temporary shop or Able Sisters shop,All Year,False,1.0.0,Simple,everyday; outdoorsy,False,ShoesKneeRainboots2,11552,bC58G7zF8S62ueYyS,True
rain boots,Purple,False,490.0,122,Purple,Purple,1x1,,Able Sisters,Available from either Mable's temporary shop or Able Sisters shop,All Year,False,1.0.0,Simple,everyday; outdoorsy,False,ShoesKneeRainboots3,11553,yb8Xzzv8eeCS4TJq7,True
rain boots,Pink,False,490.0,122,Pink,Pink,1x1,,Able Sisters,Available from either Mable's temporary shop or Able Sisters shop,All Year,False,1.0.0,Simple,everyday; outdoorsy,False,ShoesKneeRainboots4,11554,FHjX8EryuvqR8Lriq,True
rain boots,Red,False,490.0,122,Red,Red,1x1,,Able Sisters,Available from either Mable's temporary shop or Able Sisters shop,All Year,False,1.0.0,Simple,everyday; outdoorsy,False,ShoesKneeRainboots5,11555,TBaCCXwZQrPpXfyRc,True
rain boots,Beige,False,490.0,122,Beige,Beige,1x1,,Able Sisters,Available from either Mable's temporary shop or Able Sisters shop,All Year,False,1.0.0,Simple,everyday; outdoorsy,False,ShoesKneeRainboots6,11556,GThEGgGR9schjrSLL,True
rain boots,Black,False,490.0,122,Black,Black,1x1,,Able Sisters,Available from either Mable's temporary shop or Able Sisters shop,All Year,False,1.0.0,Simple,everyday; outdoorsy,False,ShoesKneeRainboots7,11557,dBLH9boiqRY25CAkE,True
recycled boots,Brown,True,,40,Brown,Gray,1x1,,Crafting,,All Year,False,1.0.0,Simple,outdoorsy,False,ShoesKneeRecyclingboots0,12326,pymFdvNQcZoDF2EQg,False
restroom slippers,Navy blue,False,350.0,87,Blue,Blue,1x1,,Kicks,,All Year,False,1.0.0,Simple,comfy,False,ShoesLowcutToilet0,5800,BJToZwde8mPrayZHC,True
restroom slippers,Red,False,350.0,87,Red,Red,1x1,,Kicks,,All Year,False,1.0.0,Simple,comfy,False,ShoesLowcutToilet1,10105,YgbKhnaDc53vupcpX,True
restroom slippers,Green,False,350.0,87,Green,Green,1x1,,Kicks,,All Year,False,1.0.0,Simple,comfy,False,ShoesLowcutToilet2,10106,XF7u6KhqeRd99bJ7q,True
restroom slippers,Light blue,False,350.0,87,Light blue,Light blue,1x1,,Kicks,,All Year,False,1.0.0,Simple,comfy,False,ShoesLowcutToilet3,10107,ofPJY5TFLBryNjWwW,True
restroom slippers,Pink,False,350.0,87,Pink,Pink,1x1,,Kicks,,All Year,False,1.0.0,Simple,comfy,False,ShoesLowcutToilet4,10108,eLhP3LBZSerB3Rz2E,True
ribbon sandals,Blue,False,1300.0,325,Blue,Beige,1x1,,Able Sisters,Available from either Mable's temporary shop or Able Sisters shop,Summer,True,1.0.0,Cute,everyday; fairy tale; vacation,False,ShoesSandalRibbon0,5814,KeqaR8Ze6LyYW9RqA,True
ribbon sandals,White,False,1300.0,325,White,Beige,1x1,,Able Sisters,Available from either Mable's temporary shop or Able Sisters shop,Summer,False,1.0.0,Cute,everyday; fairy tale; vacation,False,ShoesSandalRibbon1,10721,Wq5syMKeGKA2qbD2s,True
ribbon sandals,Pink,False,1300.0,325,Pink,Beige,1x1,,Able Sisters,Available from either Mable's temporary shop or Able Sisters shop,Summer,False,1.0.0,Cute,everyday; fairy tale; vacation,False,ShoesSandalRibbon2,10722,QkAtu7Q6CJon4XNoa,True
ribbon sandals,Yellow,False,1300.0,325,Yellow,Beige,1x1,,Able Sisters,Available from either Mable's temporary shop or Able Sisters shop,Summer,True,1.0.0,Cute,everyday; fairy tale; vacation,False,ShoesSandalRibbon3,10723,Fk8yQ59e8fJdYiprE,True
ribbon sandals,Green,False,1300.0,325,Green,Beige,1x1,,Able Sisters,Available from either Mable's temporary shop or Able Sisters shop,Summer,False,1.0.0,Cute,everyday; fairy tale; vacation,False,ShoesSandalRibbon4,10724,RjfiqFkqYxszRspu3,True
ribbon sandals,Berry red,False,1300.0,325,Red,Beige,1x1,,Able Sisters,Available from either Mable's temporary shop or Able Sisters shop,Summer,False,1.0.0,Cute,everyday; fairy tale; vacation,False,ShoesSandalRibbon5,10725,NJEv8nHDPBobY8uF4,True
ribbon sandals,Black,False,1300.0,325,Black,Beige,1x1,,Able Sisters,Available from either Mable's temporary shop or Able Sisters shop,Summer,False,1.0.0,Cute,everyday; fairy tale; vacation,False,ShoesSandalRibbon6,10726,cb2sKjFjwFDFgsgSb,True
ribbon sandals,Beige,False,1300.0,325,Gray,Beige,1x1,,Able Sisters,Available from either Mable's temporary shop or Able Sisters shop,Summer,False,1.0.0,Cute,everyday; fairy tale; vacation,False,ShoesSandalRibbon7,10727,7yuxPjGQx5kfkhtnd,True
rubber-toe high tops,Blue,False,1260.0,315,Blue,White,1x1,,Able Sisters,Available from Able Sisters shop only,All Year,False,1.0.0,Simple,everyday; sporty,False,ShoesHighcutRubbertoe0,5617,r495YqHHQjC5tS9tc,True
rubber-toe high tops,Olive,False,1260.0,315,Green,White,1x1,,Able Sisters,Available from Able Sisters shop only,All Year,False,1.0.0,Simple,everyday; sporty,False,ShoesHighcutRubbertoe1,10053,tfMMQyk3kTFo8Grj3,True
rubber-toe high tops,Beige,False,1260.0,315,Beige,White,1x1,,Able Sisters,Available from Able Sisters shop only,All Year,True,1.0.0,Simple,everyday; sporty,False,ShoesHighcutRubbertoe2,10054,kxNYJ6ecrni3FYsQC,True
rubber-toe high tops,Pink,False,1260.0,315,Pink,White,1x1,,Able Sisters,Available from Able Sisters shop only,All Year,False,1.0.0,Simple,everyday; sporty,False,ShoesHighcutRubbertoe3,10055,vdcE6F47jbNvpFHSS,True
rubber-toe high tops,Berry red,False,1260.0,315,Red,White,1x1,,Able Sisters,Available from Able Sisters shop only,All Year,False,1.0.0,Simple,everyday; sporty,False,ShoesHighcutRubbertoe4,10056,qKtTEY7u2itPu6kPf,True
rubber-toe high tops,Coral,False,1260.0,315,Orange,White,1x1,,Able Sisters,Available from Able Sisters shop only,All Year,False,1.0.0,Simple,everyday; sporty,False,ShoesHighcutRubbertoe5,10057,HBFY9CWNhtx57khyM,True
rubber-toe high tops,Ivory,False,1260.0,315,White,White,1x1,,Able Sisters,Available from Able Sisters shop only,All Year,False,1.0.0,Simple,everyday; sporty,False,ShoesHighcutRubbertoe6,10058,atTwSXfw9x52DbZRj,True
rubber-toe high tops,Black,False,1260.0,315,Black,Black,1x1,,Able Sisters,Available from Able Sisters shop only,All Year,True,1.0.0,Simple,everyday; sporty,False,ShoesHighcutRubbertoe7,10059,LhiGsXbeLR3BfwEnT,True
rubber-toe sneakers,Purple,False,1080.0,270,Purple,White,1x1,,Able Sisters,Available from either Mable's temporary shop or Able Sisters shop,All Year,False,1.0.0,Simple,everyday; sporty,False,ShoesLowcutRubbertoe0,6892,eq7PSgXfLfTbmKGKY,True
rubber-toe sneakers,Green,False,1080.0,270,Green,White,1x1,,Able Sisters,Available from either Mable's temporary shop or Able Sisters shop,All Year,False,1.0.0,Simple,everyday; sporty,False,ShoesLowcutRubbertoe1,10067,JCn5sFjYokpJtNyqZ,True
rubber-toe sneakers,Yellow,False,1080.0,270,Yellow,White,1x1,,Able Sisters,Available from either Mable's temporary shop or Able Sisters shop,All Year,False,1.0.0,Simple,everyday; sporty,False,ShoesLowcutRubbertoe2,10068,zd3N7wBnQEYNczJiS,True
rubber-toe sneakers,Light blue,False,1080.0,270,Light blue,White,1x1,,Able Sisters,Available from either Mable's temporary shop or Able Sisters shop,All Year,False,1.0.0,Simple,everyday; sporty,False,ShoesLowcutRubbertoe3,10069,gFYvSYE6RhYPYfGRC,True
rubber-toe sneakers,Red,False,1080.0,270,Red,White,1x1,,Able Sisters,Available from either Mable's temporary shop or Able Sisters shop,All Year,False,1.0.0,Simple,everyday; sporty,False,ShoesLowcutRubbertoe4,10070,3uw8c5QGwBv954cDs,True
rubber-toe sneakers,Pink,False,1080.0,270,Pink,White,1x1,,Able Sisters,Available from either Mable's temporary shop or Able Sisters shop,All Year,False,1.0.0,Simple,everyday; sporty,False,ShoesLowcutRubbertoe5,10071,WX8FE3WFJf588yRJq,True
rubber-toe sneakers,Blue,False,1080.0,270,Blue,White,1x1,,Able Sisters,Available from either Mable's temporary shop or Able Sisters shop,All Year,False,1.0.0,Simple,everyday; sporty,False,ShoesLowcutRubbertoe6,10072,tiNSYwmShxfo2mTiP,True
rubber-toe sneakers,Black,False,1080.0,270,Black,White,1x1,,Able Sisters,Available from either Mable's temporary shop or Able Sisters shop,All Year,True,1.0.0,Simple,everyday; sporty,False,ShoesLowcutRubbertoe7,10073,n9ef92fAk5TDu29EN,True
samurai greaves,Red,False,4300.0,1075,Red,Blue,1x1,,Kicks,,All Year,False,1.0.0,Cool,theatrical; work,False,ShoesKneeLegguard0,5546,su835EMzZKpv2Whv2,True
samurai greaves,Black,False,4300.0,1075,Black,Blue,1x1,,Kicks,,All Year,False,1.0.0,Cool,theatrical; work,False,ShoesKneeLegguard1,11567,GpcGFYoMWDXKKvTuT,True
samurai greaves,Blue,False,4300.0,1075,Blue,Blue,1x1,,Kicks,,All Year,False,1.0.0,Cool,theatrical; work,False,ShoesKneeLegguard2,11568,uxQmHGifmnCb3Boyw,True
samurai greaves,White,False,4300.0,1075,White,Blue,1x1,,Kicks,,All Year,False,1.0.0,Cool,theatrical; work,False,ShoesKneeLegguard3,11569,MB4ES9NjTNx2DE5Ps,True
samurai greaves,Golden yellow,False,4300.0,1075,Orange,Blue,1x1,,Kicks,,All Year,False,1.0.0,Cool,theatrical; work,False,ShoesKneeLegguard4,11570,vKNjjoQ6LLoQN6z2a,True
shiny bow platform shoes,Pink,False,2400.0,600,Pink,Pink,1x1,,Kicks,,All Year,False,1.0.0,Cute,fairy tale; party; theatrical,False,ShoesLowcutLolita0,5606,JCHkpNJKK4q3f7G3R,True
shiny bow platform shoes,Black,False,2400.0,600,Black,Black,1x1,,Kicks,,All Year,False,1.0.0,Cute,fairy tale; party; theatrical,False,ShoesLowcutLolita1,10149,xs3WYWx8mSTYQwq9n,True
shiny bow platform shoes,Red,False,2400.0,600,Red,Red,1x1,,Kicks,,All Year,False,1.0.0,Cute,fairy tale; party; theatrical,False,ShoesLowcutLolita2,10150,p3p8ifj6sWkrx5uuC,True
shiny bow platform shoes,Purple,False,2400.0,600,Purple,Purple,1x1,,Kicks,,All Year,False,1.0.0,Cute,fairy tale; party; theatrical,False,ShoesLowcutLolita3,10151,947juCMoGceMJSytH,True
shiny bow platform shoes,Light blue,False,2400.0,600,Blue,Blue,1x1,,Kicks,,All Year,False,1.0.0,Cute,fairy tale; party; theatrical,False,ShoesLowcutLolita4,10152,wwGACYDtygfqRdp5N,True
shiny bow platform shoes,White,False,2400.0,600,White,White,1x1,,Kicks,,All Year,False,1.0.0,Cute,fairy tale; party; theatrical,False,ShoesLowcutLolita5,10153,vm3ugd64szb933prn,True
shiny bow platform shoes,Light purple,False,2400.0,600,Purple,Purple,1x1,,Kicks,,All Year,False,1.0.0,Cute,fairy tale; party; theatrical,False,ShoesLowcutLolita6,10154,tTGe9YJzagEXzFZjj,True
shower sandals,Black,False,350.0,87,Black,White,1x1,,Able Sisters,Available from either Mable's temporary shop or Able Sisters shop,All Year,True,1.0.0,Active,everyday; outdoorsy; comfy; vacation,False,ShoesSandalShower0,4714,Zf4HuKDJSaXy5Qzwg,True
shower sandals,White,False,350.0,87,White,Gray,1x1,,Able Sisters,Available from either Mable's temporary shop or Able Sisters shop,All Year,False,1.0.0,Active,everyday; outdoorsy; comfy; vacation,False,ShoesSandalShower1,10696,TeepAoZAHJGpJXXv7,True
shower sandals,Gold,False,350.0,87,Yellow,White,1x1,,Able Sisters,Available from either Mable's temporary shop or Able Sisters shop,All Year,False,1.0.0,Active,everyday; outdoorsy; comfy; vacation,False,ShoesSandalShower2,10697,ubXSMjNnaXDaobiAX,True
shower sandals,Red,False,350.0,87,Red,White,1x1,,Able Sisters,Available from either Mable's temporary shop or Able Sisters shop,All Year,False,1.0.0,Active,everyday; outdoorsy; comfy; vacation,False,ShoesSandalShower3,10698,iH6Z7x6rcaxHCdHnW,True
shower sandals,Blue,False,350.0,87,Blue,White,1x1,,Able Sisters,Available from either Mable's temporary shop or Able Sisters shop,All Year,True,1.0.0,Active,everyday; outdoorsy; comfy; vacation,False,ShoesSandalShower4,10699,F8maThw5HTMMWxrEY,True
ski boots,White,False,1800.0,450,White,Blue,1x1,,Kicks,,Winter,False,1.0.0,Active,outdoorsy; sporty,False,ShoesKneeSki0,5660,n2QGDJbTEi3ttYi7o,True
ski boots,Orange,False,1800.0,450,Orange,Black,1x1,,Kicks,,Winter,False,1.0.0,Active,outdoorsy; sporty,False,ShoesKneeSki1,10992,2sC56DmBS9zFAY8fh,True
ski boots,Red,False,1800.0,450,Red,Black,1x1,,Kicks,,Winter,False,1.0.0,Active,outdoorsy; sporty,False,ShoesKneeSki2,10993,FGXQs3vPFSaPSR6tr,True
ski boots,Lime,False,1800.0,450,Yellow,Green,1x1,,Kicks,,Winter,False,1.0.0,Active,outdoorsy; sporty,False,ShoesKneeSki3,10994,ovpA5W2y9AL5XC5Hv,True
ski boots,Light blue,False,1800.0,450,Light blue,Yellow,1x1,,Kicks,,Winter,False,1.0.0,Active,outdoorsy; sporty,False,ShoesKneeSki4,10995,9b8sNnAJRpZNaQZ3Y,True
ski boots,Purple,False,1800.0,450,Blue,Pink,1x1,,Kicks,,Winter,False,1.0.0,Active,outdoorsy; sporty,False,ShoesKneeSki5,10996,kXThwqjtFGyQ98HwE,True
sky-egg shoes,None,True,,800,Green,Green,1x1,,Crafting,,All Year,False,1.1.0a,Active,fairy tale; party; theatrical,False,ShoesLowcutEggsky0,12459,cfFHEY8TX3qfsWXc5,False
slip-on loafers,Yellow,False,490.0,122,Yellow,White,1x1,,Able Sisters,Available from either Mable's temporary shop or Able Sisters shop,All Year,True,1.0.0,Simple,everyday; comfy,False,ShoesLowcutSlipon0,5566,72obQqFyftJiNYhSP,True
slip-on loafers,Red,False,490.0,122,Red,White,1x1,,Able Sisters,Available from either Mable's temporary shop or Able Sisters shop,All Year,False,1.0.0,Simple,everyday; comfy,False,ShoesLowcutSlipon1,6884,ZTxijqo9K5Kh4D888,True
slip-on loafers,Blue,False,490.0,122,Blue,White,1x1,,Able Sisters,Available from either Mable's temporary shop or Able Sisters shop,All Year,False,1.0.0,Simple,everyday; comfy,False,ShoesLowcutSlipon2,6885,HWaWPHrpsfMRPw9GS,True
slip-on loafers,Green,False,490.0,122,Green,White,1x1,,Able Sisters,Available from either Mable's temporary shop or Able Sisters shop,All Year,True,1.0.0,Simple,everyday; comfy,False,ShoesLowcutSlipon3,6889,CwnHY2c3C6oXDufr7,True
slip-on loafers,Black,False,490.0,122,Black,White,1x1,,Able Sisters,Available from either Mable's temporary shop or Able Sisters shop,All Year,True,1.0.0,Simple,everyday; comfy,False,ShoesLowcutSlipon4,6890,jyAseCiyNq9Zd9jKY,True
slip-on loafers,Light blue,False,490.0,122,Light blue,White,1x1,,Able Sisters,Available from either Mable's temporary shop or Able Sisters shop,All Year,False,1.0.0,Simple,everyday; comfy,False,ShoesLowcutSlipon5,10081,kS2gPazmLfKkpTp7L,True
slip-on loafers,White,False,490.0,122,White,White,1x1,,Able Sisters,Available from either Mable's temporary shop or Able Sisters shop,All Year,False,1.0.0,Simple,everyday; comfy,False,ShoesLowcutSlipon6,10082,evdWzeC43jXRiwusj,True
slip-on loafers,Beige,False,490.0,122,Beige,White,1x1,,Able Sisters,Available from either Mable's temporary shop or Able Sisters shop,All Year,False,1.0.0,Simple,everyday; comfy,False,ShoesLowcutSlipon7,10083,SAuKXG665PM22Mw7A,True
slip-on sandals,Light blue,False,560.0,140,Light blue,Light blue,1x1,,Able Sisters,Available from either Mable's temporary shop or Able Sisters shop,All Year,False,1.0.0,Active,comfy; vacation,False,ShoesSandalResin0,5565,bek7zCaZSfGbYQhnk,True
slip-on sandals,Lime,False,560.0,140,Yellow,Yellow,1x1,,Able Sisters,Available from either Mable's temporary shop or Able Sisters shop,All Year,False,1.0.0,Active,comfy; vacation,False,ShoesSandalResin1,10098,pxonyKAtPKaYnhH49,True
slip-on sandals,Black,False,560.0,140,Black,Black,1x1,,Able Sisters,Available from either Mable's temporary shop or Able Sisters shop,All Year,False,1.0.0,Active,comfy; vacation,False,ShoesSandalResin2,10099,2DKQL5YxfRBYfyoSJ,True
slip-on sandals,Pink,False,560.0,140,Pink,Pink,1x1,,Able Sisters,Available from either Mable's temporary shop or Able Sisters shop,All Year,False,1.0.0,Active,comfy; vacation,False,ShoesSandalResin3,10100,Fo7b3LxcBP9xWEKhv,True
slip-on sandals,Navy blue,False,560.0,140,Blue,Blue,1x1,,Able Sisters,Available from either Mable's temporary shop or Able Sisters shop,All Year,False,1.0.0,Active,comfy; vacation,False,ShoesSandalResin4,10101,CaWkjvoY5Cw4gcESj,True
slip-on sandals,Red,False,560.0,140,Red,Red,1x1,,Able Sisters,Available from either Mable's temporary shop or Able Sisters shop,All Year,False,1.0.0,Active,comfy; vacation,False,ShoesSandalResin5,10102,K4wdSdsbzS4hWayuW,True
slip-on sandals,Orange,False,560.0,140,Orange,Orange,1x1,,Able Sisters,Available from either Mable's temporary shop or Able Sisters shop,All Year,False,1.0.0,Active,comfy; vacation,False,ShoesSandalResin6,10103,5r2nWqrT9v5rAQWRA,True
slip-on sandals,Purple,False,560.0,140,Purple,Purple,1x1,,Able Sisters,Available from either Mable's temporary shop or Able Sisters shop,All Year,False,1.0.0,Active,comfy; vacation,False,ShoesSandalResin7,10104,Dbu4WoRkqf82e3HhD,True
slip-on school shoes,Red,False,350.0,87,Red,White,1x1,,Kicks,,All Year,False,1.0.0,Simple,everyday,False,ShoesLowcutSchool0,5473,AGAqPgkMwAgR4rP3d,True
slip-on school shoes,Blue,False,350.0,87,Blue,White,1x1,,Kicks,,All Year,False,1.0.0,Simple,everyday,False,ShoesLowcutSchool1,10980,u8BD7oMwRB7suh4f4,True
slip-on school shoes,Green,False,350.0,87,Green,White,1x1,,Kicks,,All Year,False,1.0.0,Simple,everyday,False,ShoesLowcutSchool2,10981,BDCciYtBdfLFZsTKK,True
slip-on school shoes,Yellow,False,350.0,87,Yellow,White,1x1,,Kicks,,All Year,False,1.0.0,Simple,everyday,False,ShoesLowcutSchool3,10982,REPBefCd7N79fexSs,True
slip-on school shoes,Pink,False,350.0,87,Pink,White,1x1,,Kicks,,All Year,False,1.0.0,Simple,everyday,False,ShoesLowcutSchool4,10983,TByGGPr6Kj48zSXzT,True
slippers,Gray,False,350.0,87,Gray,Gray,1x1,,Kicks,,All Year,False,1.0.0,Simple,everyday; comfy; vacation,False,ShoesLowcutSlipper0,5525,3w8MXDtDn4e56iX54,True
slippers,Black,False,350.0,87,Black,Black,1x1,,Kicks,,All Year,False,1.0.0,Simple,everyday; comfy; vacation,False,ShoesLowcutSlipper1,10084,ahkFhsQDxdmbmEae4,True
slippers,White,False,350.0,87,White,White,1x1,,Kicks,,All Year,False,1.0.0,Simple,everyday; comfy; vacation,False,ShoesLowcutSlipper2,10085,bpzqd39eBwbJssiHz,True
slippers,Pink,False,350.0,87,Pink,Pink,1x1,,Kicks,,All Year,False,1.0.0,Simple,everyday; comfy; vacation,False,ShoesLowcutSlipper3,10086,7XL3FwRuMpX8pPSXM,True
slippers,Green,False,350.0,87,Green,Green,1x1,,Kicks,,All Year,False,1.0.0,Simple,everyday; comfy; vacation,False,ShoesLowcutSlipper4,10087,YWYrqAtzzDkkBDF8c,True
slippers,Blue,False,350.0,87,Light blue,Light blue,1x1,,Kicks,,All Year,False,1.0.0,Simple,everyday; comfy; vacation,False,ShoesLowcutSlipper5,10088,HqAwM9tDz8fPfjaZr,True
slippers,Red,False,350.0,87,Red,Red,1x1,,Kicks,,All Year,False,1.0.0,Simple,everyday; comfy; vacation,False,ShoesLowcutSlipper6,10089,XmM5wAFrFkbtD9D2m,True
slippers,Yellow,False,350.0,87,Yellow,Yellow,1x1,,Kicks,,All Year,False,1.0.0,Simple,everyday; comfy; vacation,False,ShoesLowcutSlipper7,10090,ohaR7XgRkjjK7WrAj,True
space boots,White,False,4300.0,1075,White,White,1x1,,Kicks,,All Year,False,1.0.0,Active,fairy tale; work,False,ShoesKneeSpaceWhite,5760,wJ5GGhiCqRiGiyADm,True
sporty sandals,Red,False,1300.0,325,Red,Black,1x1,,Able Sisters,Available from Able Sisters shop only,All Year,False,1.0.0,Active,outdoorsy; comfy; sporty; vacation,False,ShoesSandalSports0,5824,dB9Zh49MxmTnhe2sT,True
sporty sandals,Olive,False,1300.0,325,Green,Black,1x1,,Able Sisters,Available from Able Sisters shop only,All Year,False,1.0.0,Active,outdoorsy; comfy; sporty; vacation,False,ShoesSandalSports1,10728,vvY85zikpeYg4Y2bh,True
sporty sandals,Blue,False,1300.0,325,Blue,Black,1x1,,Able Sisters,Available from Able Sisters shop only,All Year,False,1.0.0,Active,outdoorsy; comfy; sporty; vacation,False,ShoesSandalSports2,10729,fjn8jpqyKCATL5Zrj,True
sporty sandals,Purple,False,1300.0,325,Purple,Black,1x1,,Able Sisters,Available from Able Sisters shop only,All Year,False,1.0.0,Active,outdoorsy; comfy; sporty; vacation,False,ShoesSandalSports3,10730,NPRvY4itdRnthXiXb,True
sporty sandals,Green,False,1300.0,325,Green,Black,1x1,,Able Sisters,Available from Able Sisters shop only,All Year,True,1.0.0,Active,outdoorsy; comfy; sporty; vacation,False,ShoesSandalSports4,10731,DAkrAkhrWzoLCghmY,True
sporty sandals,Pink,False,1300.0,325,Pink,Black,1x1,,Able Sisters,Available from Able Sisters shop only,All Year,False,1.0.0,Active,outdoorsy; comfy; sporty; vacation,False,ShoesSandalSports5,10732,cFDQtHvQLzvDxXBmF,True
sporty sandals,Beige,False,1300.0,325,Beige,Black,1x1,,Able Sisters,Available from Able Sisters shop only,All Year,False,1.0.0,Active,outdoorsy; comfy; sporty; vacation,False,ShoesSandalSports6,10733,gHXQ5sakxYkDn3fAP,True
sporty sandals,Gray,False,1300.0,325,Light blue,Black,1x1,,Able Sisters,Available from Able Sisters shop only,All Year,False,1.0.0,Active,outdoorsy; comfy; sporty; vacation,False,ShoesSandalSports7,10734,FtBvM9FNfSW2YkvR4,True
steel-toed boots,Brown,False,2640.0,660,Brown,Brown,1x1,,Able Sisters,Available from either Mable's temporary shop or Able Sisters shop,All Year,True,1.0.0,Cool,everyday; work,False,ShoesKneeEngineerboots0,2593,hjin67297NyjQEihM,True
steel-toed boots,Beige,False,2640.0,660,Beige,Brown,1x1,,Able Sisters,Available from either Mable's temporary shop or Able Sisters shop,All Year,False,1.0.0,Cool,everyday; work,False,ShoesKneeEngineerboots1,11232,Nc8FzgrGXu7C7yw5c,True
steel-toed boots,Green,False,2640.0,660,Green,Brown,1x1,,Able Sisters,Available from either Mable's temporary shop or Able Sisters shop,All Year,False,1.0.0,Cool,everyday; work,False,ShoesKneeEngineerboots2,11233,8bdJLyFwFaLiPyBgM,True
steel-toed boots,Black,False,2640.0,660,Black,Gray,1x1,,Able Sisters,Available from either Mable's temporary shop or Able Sisters shop,All Year,False,1.0.0,Cool,everyday; work,False,ShoesKneeEngineerboots3,11234,JLqpaYbMxsMNeattz,True
steel-toed boots,Red,False,2640.0,660,Red,Brown,1x1,,Able Sisters,Available from either Mable's temporary shop or Able Sisters shop,All Year,True,1.0.0,Cool,everyday; work,False,ShoesKneeEngineerboots4,11235,AFT7LK6ZemaX5DpGb,True
steel-toed boots,Gray,False,2640.0,660,Gray,Brown,1x1,,Able Sisters,Available from either Mable's temporary shop or Able Sisters shop,All Year,False,1.0.0,Cool,everyday; work,False,ShoesKneeEngineerboots5,11236,QsKyMZv4z788odcXQ,True
stone-egg shoes,None,True,,800,Orange,Brown,1x1,,Crafting,,All Year,False,1.1.0a,Active,fairy tale; party; theatrical,False,ShoesLowcutEggrock0,12456,iNjeDCdctCeLqyxjv,False
strappy heels,Red,False,1560.0,390,Red,Red,1x1,,Able Sisters,Available from Able Sisters shop only,All Year,False,1.0.0,Gorgeous,formal; party; theatrical,False,ShoesLowcutGlitter0,5561,bmvzeeTGHXiwdZJcg,True
strappy heels,Blue,False,1560.0,390,Blue,Blue,1x1,,Able Sisters,Available from Able Sisters shop only,All Year,False,1.0.0,Gorgeous,formal; party; theatrical,False,ShoesLowcutGlitter1,10142,A3oghyX4PgSMkZJef,True
strappy heels,Gold,False,1560.0,390,Orange,Orange,1x1,,Able Sisters,Available from Able Sisters shop only,All Year,False,1.0.0,Gorgeous,formal; party; theatrical,False,ShoesLowcutGlitter2,10143,KsqvFoouvtYt6KAYE,True
strappy heels,Silver,False,1560.0,390,Gray,Gray,1x1,,Able Sisters,Available from Able Sisters shop only,All Year,False,1.0.0,Gorgeous,formal; party; theatrical,False,ShoesLowcutGlitter3,10144,chbFMWwZyPPaqbkjg,True
strappy heels,Black,False,1560.0,390,Black,Black,1x1,,Able Sisters,Available from Able Sisters shop only,All Year,True,1.0.0,Gorgeous,formal; party; theatrical,False,ShoesLowcutGlitter4,10145,g2CG68ZjmWHrGRKjk,True
strappy heels,Pink,False,1560.0,390,Pink,Pink,1x1,,Able Sisters,Available from Able Sisters shop only,All Year,False,1.0.0,Gorgeous,formal; party; theatrical,False,ShoesLowcutGlitter5,10146,vqMwAq9ky8WxLKPG8,True
strappy heels,Green,False,1560.0,390,Green,Green,1x1,,Able Sisters,Available from Able Sisters shop only,All Year,False,1.0.0,Gorgeous,formal; party; theatrical,False,ShoesLowcutGlitter6,10147,BR6iENsuxdaGLEZam,True
strappy heels,Purple,False,1560.0,390,Purple,Purple,1x1,,Able Sisters,Available from Able Sisters shop only,All Year,False,1.0.0,Gorgeous,formal; party; theatrical,False,ShoesLowcutGlitter7,10148,E75eKo2LiRpEdp8bT,True
traditional flower shoes,Red,False,1800.0,450,Red,Blue,1x1,,Kicks,,All Year,False,1.0.0,Elegant,formal; party,False,ShoesLowcutGgotshin0,5622,p8rmo5DkHoGjSK5SA,True
traditional flower shoes,Pink,False,1800.0,450,Pink,White,1x1,,Kicks,,All Year,False,1.0.0,Elegant,formal; party,False,ShoesLowcutGgotshin1,10988,u3MShjWuHsM8H4jkv,True
traditional flower shoes,Blue,False,1800.0,450,Blue,Brown,1x1,,Kicks,,All Year,False,1.0.0,Elegant,formal; party,False,ShoesLowcutGgotshin2,10989,gP6Pc7r6PG9hrQHNK,True
traditional flower shoes,Yellow,False,1800.0,450,Yellow,Brown,1x1,,Kicks,,All Year,False,1.0.0,Elegant,formal; party,False,ShoesLowcutGgotshin3,10990,8jieRWyNTggC4jMrr,True
traditional flower shoes,Lime,False,1800.0,450,Yellow,Red,1x1,,Kicks,,All Year,False,1.0.0,Elegant,formal; party,False,ShoesLowcutGgotshin4,10991,cN9q9x2LaZYY8qv6F,True
trekking shoes,Orange,False,1500.0,375,Brown,Red,1x1,,Able Sisters,Available from either Mable's temporary shop or Able Sisters shop,All Year,True,1.0.0,Active,outdoorsy; sporty,False,ShoesHighcutTrekking0,5388,Qbk8zzBxRCSM2J5zJ,True
trekking shoes,Gray,False,1500.0,375,Black,Green,1x1,,Able Sisters,Available from either Mable's temporary shop or Able Sisters shop,All Year,False,1.0.0,Active,outdoorsy; sporty,False,ShoesHighcutTrekking1,11237,TkjSkJFhub7FjDuMC,True
trekking shoes,Black,False,1500.0,375,Black,Blue,1x1,,Able Sisters,Available from either Mable's temporary shop or Able Sisters shop,All Year,True,1.0.0,Active,outdoorsy; sporty,False,ShoesHighcutTrekking2,11238,sfQZCGCu4tTHfMpNt,True
trekking shoes,Light blue,False,1500.0,375,Light blue,Purple,1x1,,Able Sisters,Available from either Mable's temporary shop or Able Sisters shop,All Year,True,1.0.0,Active,outdoorsy; sporty,False,ShoesHighcutTrekking3,11239,embSAwtn69LDNFbAD,True
trekking shoes,Yellow,False,1500.0,375,Yellow,White,1x1,,Able Sisters,Available from either Mable's temporary shop or Able Sisters shop,All Year,False,1.0.0,Active,outdoorsy; sporty,False,ShoesHighcutTrekking4,11240,FmbcmRRcN58qYyLXu,True
trekking shoes,Purple,False,1500.0,375,Purple,Pink,1x1,,Able Sisters,Available from either Mable's temporary shop or Able Sisters shop,All Year,True,1.0.0,Active,outdoorsy; sporty,False,ShoesHighcutTrekking5,11241,aexteKPGADNrE9xfs,True
trekking shoes,White,False,1500.0,375,White,Green,1x1,,Able Sisters,Available from either Mable's temporary shop or Able Sisters shop,All Year,True,1.0.0,Active,outdoorsy; sporty,False,ShoesHighcutTrekking6,11242,Ywpc2D7NoK2qBxf6F,True
trekking shoes,Brown,False,1500.0,375,Brown,Beige,1x1,,Able Sisters,Available from either Mable's temporary shop or Able Sisters shop,All Year,True,1.0.0,Active,outdoorsy; sporty,False,ShoesHighcutTrekking7,11243,T3ZqLcjzTfxQdKYMw,True
velour boots,Ruby red,False,1920.0,480,Red,Black,1x1,,Able Sisters,Available from Able Sisters shop only,Winter,False,1.0.0,Elegant,everyday; party,False,ShoesKneeVelour0,4732,bb8zrf3uymyQcZ95R,True
velour boots,Gray,False,1920.0,480,Gray,Black,1x1,,Able Sisters,Available from Able Sisters shop only,Winter,False,1.0.0,Elegant,everyday; party,False,ShoesKneeVelour1,11675,tAmnjnqTjNDGCWarN,True
velour boots,Brown,False,1920.0,480,Brown,Black,1x1,,Able Sisters,Available from Able Sisters shop only,Winter,False,1.0.0,Elegant,everyday; party,False,ShoesKneeVelour2,11676,zhxznAbZgApqG5tsS,True
velour boots,Blue,False,1920.0,480,Blue,Black,1x1,,Able Sisters,Available from Able Sisters shop only,Winter,False,1.0.0,Elegant,everyday; party,False,ShoesKneeVelour3,11677,Zvqbb4TRJvGTvRRKa,True
velour boots,Mustard,False,1920.0,480,Yellow,Black,1x1,,Able Sisters,Available from Able Sisters shop only,Winter,False,1.0.0,Elegant,everyday; party,False,ShoesKneeVelour4,11678,FgLL99NEEz5piTwSu,True
vinyl round-toed pumps,Beige,False,1500.0,375,Beige,Beige,1x1,,Able Sisters,Available from Able Sisters shop only,All Year,True,1.0.0,Simple,everyday; fairy tale; formal; party; theatrical; work,False,ShoesLowcutEnamelpumps0,4723,RecSgePXKnagDi74R,True
vinyl round-toed pumps,Mint,False,1500.0,375,Light blue,Light blue,1x1,,Able Sisters,Available from Able Sisters shop only,All Year,True,1.0.0,Simple,everyday; fairy tale; formal; party; theatrical; work,False,ShoesLowcutEnamelpumps1,10116,St4Gybmqd2uS7cvwF,True
vinyl round-toed pumps,Brown,False,1500.0,375,Brown,Brown,1x1,,Able Sisters,Available from Able Sisters shop only,All Year,False,1.0.0,Simple,everyday; fairy tale; formal; party; theatrical; work,False,ShoesLowcutEnamelpumps2,10117,NZymvJ5oCBcmgXJ5t,True
vinyl round-toed pumps,Pink,False,1500.0,375,Pink,Pink,1x1,,Able Sisters,Available from Able Sisters shop only,All Year,True,1.0.0,Simple,everyday; fairy tale; formal; party; theatrical; work,False,ShoesLowcutEnamelpumps3,10118,dhcs3Lwx3oeiy4ngb,True
vinyl round-toed pumps,White,False,1500.0,375,White,White,1x1,,Able Sisters,Available from Able Sisters shop only,All Year,False,1.0.0,Simple,everyday; fairy tale; formal; party; theatrical; work,False,ShoesLowcutEnamelpumps4,10119,nTzMdQGrukqyBP8tk,True
vinyl round-toed pumps,Black,False,1500.0,375,Black,Black,1x1,,Able Sisters,Available from Able Sisters shop only,All Year,True,1.0.0,Simple,everyday; fairy tale; formal; party; theatrical; work,False,ShoesLowcutEnamelpumps5,10120,HG234xKCQ8jRhttM6,True
visual-punk boots,Black,False,2200.0,550,Black,Black,1x1,,Kicks,,All Year,False,1.0.0,Cool,party; theatrical; work,False,ShoesKneeVisualBlack,5609,hP4STomyv7jb7tKnT,True
walking shoes,Pink,False,560.0,140,Pink,Beige,1x1,,Able Sisters,Available from either Mable's temporary shop or Able Sisters shop,All Year,False,1.0.0,Simple,everyday; outdoorsy; sporty,False,ShoesLowcutHealth0,5775,sJbiGPfjohy3MRz9g,True
walking shoes,Beige,False,560.0,140,Beige,Beige,1x1,,Able Sisters,Available from either Mable's temporary shop or Able Sisters shop,All Year,False,1.0.0,Simple,everyday; outdoorsy; sporty,False,ShoesLowcutHealth1,10997,ZTWABEzco2pisNq3q,True
walking shoes,Red,False,560.0,140,Red,Beige,1x1,,Able Sisters,Available from either Mable's temporary shop or Able Sisters shop,All Year,True,1.0.0,Simple,everyday; outdoorsy; sporty,False,ShoesLowcutHealth2,10998,KWAceiwcGzkfNab4o,True
water sandals,Pink,False,1040.0,260,Pink,Pink,1x1,,Able Sisters,Available from either Mable's temporary shop or Able Sisters shop,Summer,True,1.0.0,Cute,outdoorsy; comfy; vacation,False,ShoesSandalAqua0,5652,G7gjqcTKEpcbbNKJS,True
water sandals,Navy blue,False,1040.0,260,Blue,Blue,1x1,,Able Sisters,Available from either Mable's temporary shop or Able Sisters shop,Summer,True,1.0.0,Cute,outdoorsy; comfy; vacation,False,ShoesSandalAqua1,10714,xZGwaMKKzuwBZifue,True
water sandals,Red,False,1040.0,260,Red,Red,1x1,,Able Sisters,Available from either Mable's temporary shop or Able Sisters shop,Summer,False,1.0.0,Cute,outdoorsy; comfy; vacation,False,ShoesSandalAqua2,10715,zE2ydSF3h8ZEQDoN6,True
water sandals,Light blue,False,1040.0,260,Light blue,Light blue,1x1,,Able Sisters,Available from either Mable's temporary shop or Able Sisters shop,Summer,False,1.0.0,Cute,outdoorsy; comfy; vacation,False,ShoesSandalAqua3,10716,ThthTKiHz8qWwHmAc,True
water sandals,Orange,False,1040.0,260,Orange,Orange,1x1,,Able Sisters,Available from either Mable's temporary shop or Able Sisters shop,Summer,False,1.0.0,Cute,outdoorsy; comfy; vacation,False,ShoesSandalAqua4,10717,SKnxks78Mbearkot6,True
water sandals,Purple,False,1040.0,260,Purple,Purple,1x1,,Able Sisters,Available from either Mable's temporary shop or Able Sisters shop,Summer,False,1.0.0,Cute,outdoorsy; comfy; vacation,False,ShoesSandalAqua5,10718,eCfe52j6KebvShSxF,True
water sandals,Green,False,1040.0,260,Green,Green,1x1,,Able Sisters,Available from either Mable's temporary shop or Able Sisters shop,Summer,False,1.0.0,Cute,outdoorsy; comfy; vacation,False,ShoesSandalAqua6,10719,2pc8Ywv9ZgxzpfcCN,True
water sandals,Yellow,False,1040.0,260,Yellow,Yellow,1x1,,Able Sisters,Available from either Mable's temporary shop or Able Sisters shop,Summer,False,1.0.0,Cute,outdoorsy; comfy; vacation,False,ShoesSandalAqua7,10720,vkYy5oFc353orgyxa,True
water shoes,Pink,False,900.0,225,Pink,Black,1x1,,Able Sisters,Available from either Mable's temporary shop or Able Sisters shop,All Year,False,1.0.0,Active,outdoorsy; sporty; vacation,False,ShoesLowcutMarine0,5808,b3hXNNAFjYXNfYDNq,True
water shoes,Light blue,False,900.0,225,Light blue,Black,1x1,,Able Sisters,Available from either Mable's temporary shop or Able Sisters shop,All Year,False,1.0.0,Active,outdoorsy; sporty; vacation,False,ShoesLowcutMarine1,10177,ur4D7j8TfzytpkBRr,True
water shoes,Orange,False,900.0,225,Orange,Black,1x1,,Able Sisters,Available from either Mable's temporary shop or Able Sisters shop,All Year,False,1.0.0,Active,outdoorsy; sporty; vacation,False,ShoesLowcutMarine2,10271,vwQp84gqxvqxSGHpB,True
water shoes,Green,False,900.0,225,Green,Black,1x1,,Able Sisters,Available from either Mable's temporary shop or Able Sisters shop,All Year,False,1.0.0,Active,outdoorsy; sporty; vacation,False,ShoesLowcutMarine3,10272,k5X6gHQcJWkWB8ZAi,True
water shoes,Navy blue,False,900.0,225,Blue,Black,1x1,,Able Sisters,Available from either Mable's temporary shop or Able Sisters shop,All Year,False,1.0.0,Active,outdoorsy; sporty; vacation,False,ShoesLowcutMarine4,10273,JXymcRAWNMbDogEPA,True
water shoes,Yellow,False,900.0,225,Yellow,Black,1x1,,Able Sisters,Available from either Mable's temporary shop or Able Sisters shop,All Year,False,1.0.0,Active,outdoorsy; sporty; vacation,False,ShoesLowcutMarine5,10274,r9y8YdqpCCSFymCJx,True
water shoes,Red,False,900.0,225,Red,Black,1x1,,Able Sisters,Available from either Mable's temporary shop or Able Sisters shop,All Year,False,1.0.0,Active,outdoorsy; sporty; vacation,False,ShoesLowcutMarine6,10275,5Mt6LsY5NwhrwC8Ro,True
water shoes,Black,False,900.0,225,Gray,Black,1x1,,Able Sisters,Available from either Mable's temporary shop or Able Sisters shop,All Year,False,1.0.0,Active,outdoorsy; sporty; vacation,False,ShoesLowcutMarine7,10276,TZMXjppMESwhT2hZt,True
water-egg shoes,None,True,,800,Light blue,Red,1x1,,Crafting,,All Year,False,1.1.0a,Active,fairy tale; party; theatrical,False,ShoesLowcutEggfish0,12460,CT5SYnidy4tF7xneW,False
wedding pumps,,False,3000.0,750,White,White,1x1,,Wedding Season,,All Year,False,1.2.0,Elegant,fairy tale; formal; theatrical,False,ShoesLowcutJunepumps0,12495,ZXMfkX6hWrb3Bf4cJ,False
wedding shoes,,False,3000.0,750,White,White,1x1,,Wedding Season,,All Year,False,1.2.0,Elegant,fairy tale; formal; theatrical,False,ShoesLowcutJuneshoes0,12496,j2RAxuwc7BvaMTicF,False
wingtip shoes,Black & white,False,900.0,225,Black,White,1x1,,Able Sisters,Available from Able Sisters shop only,All Year,True,1.0.0,Elegant,everyday; formal; party; theatrical; work,False,ShoesLowcutWing0,5809,DjWLRAQtGePadCqZu,True
wingtip shoes,Brown,False,900.0,225,Brown,White,1x1,,Able Sisters,Available from Able Sisters shop only,All Year,True,1.0.0,Elegant,everyday; formal; party; theatrical; work,False,ShoesLowcutWing1,11471,eXgKY3DCBPmo7eJ5y,True
wingtip shoes,Greige,False,900.0,225,Gray,White,1x1,,Able Sisters,Available from Able Sisters shop only,All Year,True,1.0.0,Elegant,everyday; formal; party; theatrical; work,False,ShoesLowcutWing2,11472,P69MLRkggjw9LcDbY,True
wingtip shoes,Green,False,900.0,225,Green,Green,1x1,,Able Sisters,Available from Able Sisters shop only,All Year,False,1.0.0,Elegant,everyday; formal; party; theatrical; work,False,ShoesLowcutWing3,11473,875an6cBm4fer5mt9,True
wingtip shoes,Gray,False,900.0,225,Gray,Gray,1x1,,Able Sisters,Available from Able Sisters shop only,All Year,False,1.0.0,Elegant,everyday; formal; party; theatrical; work,False,ShoesLowcutWing4,11474,7iADtoNeh8krcW6YN,True
wingtip shoes,Berry red,False,900.0,225,Red,Red,1x1,,Able Sisters,Available from Able Sisters shop only,All Year,False,1.0.0,Elegant,everyday; formal; party; theatrical; work,False,ShoesLowcutWing5,11475,zcGqNXjwrSPCmaadF,True
wingtip shoes,Black,False,900.0,225,Black,Black,1x1,,Able Sisters,Available from Able Sisters shop only,All Year,True,1.0.0,Elegant,everyday; formal; party; theatrical; work,False,ShoesLowcutWing6,11476,9jhqxdBvQusYccJdf,True
winklepickers,Red,False,910.0,227,Red,Black,1x1,,Able Sisters,Available from Able Sisters shop only,All Year,False,1.0.0,Cool,party; theatrical; work,False,ShoesLowcutPointedtoe0,5655,HSHgP2d5LZSoGynWh,True
winklepickers,White,False,910.0,227,White,Black,1x1,,Able Sisters,Available from Able Sisters shop only,All Year,False,1.0.0,Cool,party; theatrical; work,False,ShoesLowcutPointedtoe1,11462,xTXhymN8bhf3HnQJE,True
winklepickers,Black,False,910.0,227,Black,Black,1x1,,Able Sisters,Available from Able Sisters shop only,All Year,True,1.0.0,Cool,party; theatrical; work,False,ShoesLowcutPointedtoe2,11463,QPCwCrLDkHPGKeDLY,True
winklepickers,Blue,False,910.0,227,Blue,Black,1x1,,Able Sisters,Available from Able Sisters shop only,All Year,False,1.0.0,Cool,party; theatrical; work,False,ShoesLowcutPointedtoe3,11464,ag3yY4kAomB56hxtW,True
wood-egg shoes,None,True,,800,Purple,Beige,1x1,,Crafting,,All Year,False,1.1.0a,Active,fairy tale; party; theatrical,False,ShoesLowcutEggforest0,12458,8ZgL3dbCk7dXrNite,False
wooden clogs,Yellow,False,1300.0,325,Yellow,Red,1x1,,Kicks,,All Year,False,1.0.0,Elegant,everyday,False,ShoesLowcutClog0,5618,eupdqegxsCMDRLsAv,True
wooden clogs,Blue,False,1300.0,325,Blue,Pink,1x1,,Kicks,,All Year,False,1.0.0,Elegant,everyday,False,ShoesLowcutClog1,10984,LmNCSiQxwsPrRqNc2,True
wooden clogs,Red,False,1300.0,325,Red,Yellow,1x1,,Kicks,,All Year,False,1.0.0,Elegant,everyday,False,ShoesLowcutClog2,10985,brPp9ECXpN3EfhFPY,True
wooden clogs,Green,False,1300.0,325,Green,Red,1x1,,Kicks,,All Year,False,1.0.0,Elegant,everyday,False,ShoesLowcutClog3,10986,96LeQLuLdHgEXyhSh,True
wooden clogs,Brown,False,1300.0,325,Brown,Orange,1x1,,Kicks,,All Year,False,1.0.0,Elegant,everyday,False,ShoesLowcutClog4,10987,TjifkBrTMro68JHrf,True
work boots,Red,False,1920.0,480,Red,Black,1x1,,Able Sisters,Available from either Mable's temporary shop or Able Sisters shop,All Year,False,1.0.0,Cool,outdoorsy; theatrical; work,False,ShoesHighcutWorkboots0,5541,JC86Q4fvPqrg6xzTT,True
work boots,Purple,False,1920.0,480,Purple,Black,1x1,,Able Sisters,Available from either Mable's temporary shop or Able Sisters shop,All Year,False,1.0.0,Cool,outdoorsy; theatrical; work,False,ShoesHighcutWorkboots1,11244,t74L3o98zyuxzwB4d,True
work boots,Pink,False,1920.0,480,Pink,Black,1x1,,Able Sisters,Available from either Mable's temporary shop or Able Sisters shop,All Year,False,1.0.0,Cool,outdoorsy; theatrical; work,False,ShoesHighcutWorkboots2,11245,jk3ExmQodg8c84doE,True
work boots,Yellow,False,1920.0,480,Yellow,Black,1x1,,Able Sisters,Available from either Mable's temporary shop or Able Sisters shop,All Year,False,1.0.0,Cool,outdoorsy; theatrical; work,False,ShoesHighcutWorkboots3,11246,amC72rwkxxLrYy5vv,True
work boots,White,False,1920.0,480,White,Black,1x1,,Able Sisters,Available from either Mable's temporary shop or Able Sisters shop,All Year,True,1.0.0,Cool,outdoorsy; theatrical; work,False,ShoesHighcutWorkboots4,11247,5m2NP7dcLbtght3Zq,True
work boots,Blue,False,1920.0,480,Blue,Black,1x1,,Able Sisters,Available from either Mable's temporary shop or Able Sisters shop,All Year,False,1.0.0,Cool,outdoorsy; theatrical; work,False,ShoesHighcutWorkboots5,11248,HWEKSWZAjZJdbfxvr,True
work boots,Green,False,1920.0,480,Green,Black,1x1,,Able Sisters,Available from either Mable's temporary shop or Able Sisters shop,All Year,False,1.0.0,Cool,outdoorsy; theatrical; work,False,ShoesHighcutWorkboots6,11249,CxP7jSJTTyeYwyBQs,True
work boots,Gray,False,1920.0,480,Gray,Black,1x1,,Able Sisters,Available from either Mable's temporary shop or Able Sisters shop,All Year,True,1.0.0,Cool,outdoorsy; theatrical; work,False,ShoesHighcutWorkboots7,11250,7CcCC33Hs28yeZsE4,True
wrestling shoes,Red,False,1080.0,270,Red,White,1x1,,Kicks,,All Year,False,1.0.0,Active,sporty; work,False,ShoesKneeRing0,5668,yAfdmgXZ2jHaPGwdC,True
wrestling shoes,Blue,False,1080.0,270,Blue,White,1x1,,Kicks,,All Year,False,1.0.0,Active,sporty; work,False,ShoesKneeRing1,10256,soxSEJioRf2gpa3Sz,True
wrestling shoes,Green,False,1080.0,270,Green,White,1x1,,Kicks,,All Year,False,1.0.0,Active,sporty; work,False,ShoesKneeRing2,10257,5aADX4xErrreMqNLc,True
wrestling shoes,Pink,False,1080.0,270,Pink,White,1x1,,Kicks,,All Year,False,1.0.0,Active,sporty; work,False,ShoesKneeRing3,10258,DibQyHP3eMLwvLuoj,True
wrestling shoes,Black,False,1080.0,270,Black,White,1x1,,Kicks,,All Year,False,1.0.0,Active,sporty; work,False,ShoesKneeRing4,10259,AH4NE2FJGLZC8gMtg,True
wrestling shoes,Yellow,False,1080.0,270,Yellow,White,1x1,,Kicks,,All Year,False,1.0.0,Active,sporty; work,False,ShoesKneeRing5,10260,FfBwW5d5L8tzyW6Dj,True
zap boots,White,False,2640.0,660,White,Red,1x1,,Kicks,,All Year,False,1.0.0,Active,fairy tale; theatrical; work,False,ShoesKneeHeroWhite,5624,8rjzx96Avdzbq7hFv,True
zori,Black,False,4300.0,1075,Red,Black,1x1,,Able Sisters,Available from Able Sisters shop only,All Year,False,1.0.0,Elegant,everyday; formal; party,False,ShoesSandalZori0,4734,3R4cnGLLNWRcKDekf,True
zori,Gold,False,4300.0,1075,Yellow,Yellow,1x1,,Able Sisters,Available from Able Sisters shop only,All Year,False,1.0.0,Elegant,everyday; formal; party,False,ShoesSandalZori1,10969,FQetz9ANMJo6q6YMd,True
zori,Pink,False,4300.0,1075,Pink,Pink,1x1,,Able Sisters,Available from Able Sisters shop only,All Year,True,1.0.0,Elegant,everyday; formal; party,False,ShoesSandalZori2,10970,3bC5rzWARy28xor2p,True
zori,Light pink,False,4300.0,1075,Pink,Beige,1x1,,Able Sisters,Available from Able Sisters shop only,All Year,False,1.0.0,Elegant,everyday; formal; party,False,ShoesSandalZori3,10971,svEPR34GPmYRCe5kz,True
zori,Green,False,4300.0,1075,Green,Green,1x1,,Able Sisters,Available from Able Sisters shop only,All Year,False,1.0.0,Elegant,everyday; formal; party,False,ShoesSandalZori4,10972,8ZYLPLudoxHWSBzEh,True
zori,White,False,4300.0,1075,Black,White,1x1,,Able Sisters,Available from Able Sisters shop only,All Year,False,1.0.0,Elegant,everyday; formal; party,False,ShoesSandalZori5,10973,6w73ZozNHuWqmAfKj,True
zori,Aqua,False,4300.0,1075,White,Light blue,1x1,,Able Sisters,Available from Able Sisters shop only,All Year,False,1.0.0,Elegant,everyday; formal; party,False,ShoesSandalZori6,10974,zTMWqRabE8s4dFwn4,True
zori,Red,False,4300.0,1075,Yellow,Red,1x1,,Able Sisters,Available from Able Sisters shop only,All Year,False,1.0.0,Elegant,everyday; formal; party,False,ShoesSandalZori7,10975,yYoSq8oCcAp8wFLTz,True
